id_aluno,idade,sexo,horas_estudo_semana,faltas,nota_prova1,nota_prova2,nota_trabalho,renda_familiar,nivel_escolar_pais,acesso_internet,atividade_extracurricular,aprovado
1,20,M,0,4,7.3,8.8,4.2,3046,fundamental,1,0,0
2,21,M,12,23,5.1,7.0,5.0,3622,superior,1,1,0
3,19,F,9,13,5.3,7.3,7.0,891,medio,1,1,0
4,21,F,6,17,3.5,6.7,7.6,1650,superior,1,0,0
5,21,M,11,15,5.4,9.1,4.9,2782,fundamental,0,0,0
6,18,F,9,5,9.0,3.3,6.4,1907,fundamental,0,1,0
7,19,M,4,24,4.6,4.8,9.4,1099,superior,1,0,0
8,19,M,7,23,7.9,9.1,10.0,3143,superior,0,0,0
9,19,M,8,13,7.4,8.3,9.9,3494,fundamental,1,0,0
10,21,M,10,23,9.0,3.1,9.3,2277,superior,0,1,0
11,20,F,13,7,3.9,6.6,6.4,2104,fundamental,0,0,0
12,19,M,6,6,9.8,6.7,8.1,1800,superior,0,1,1
13,22,F,13,7,7.1,5.8,6.5,1882,fundamental,1,0,0
14,21,F,12,12,10.0,5.1,7.9,3756,fundamental,1,0,0
15,18,F,14,5,9.4,7.8,5.9,3718,medio,1,1,1
16,20,F,6,17,4.6,4.5,7.6,2165,fundamental,1,0,0
17,22,M,0,1,3.4,8.6,7.1,3600,fundamental,0,1,0
18,22,F,14,7,4.8,8.6,4.1,3189,medio,1,1,0
19,18,M,3,10,6.7,5.9,8.7,2909,medio,0,0,0
20,20,F,1,0,4.2,5.0,4.1,1575,superior,1,0,0
21,21,F,1,21,4.2,5.0,5.8,3472,superior,0,1,0
22,17,M,1,5,6.2,6.4,4.0,2252,fundamental,0,1,0
23,20,M,3,15,3.2,8.0,6.3,2481,superior,0,0,0
24,18,M,13,19,3.9,5.5,4.4,2551,superior,0,0,0
25,22,F,0,11,5.9,7.3,9.5,3103,fundamental,1,0,0
26,21,F,14,10,3.4,5.7,6.5,3675,medio,1,0,0
27,20,M,3,9,5.8,5.1,6.8,3861,medio,0,0,0
28,17,M,1,2,6.3,3.2,6.1,2651,fundamental,1,1,0
29,17,M,4,12,6.2,3.0,7.8,2697,fundamental,1,1,0
30,19,M,2,2,9.1,4.6,8.7,2529,fundamental,0,1,0
31,19,F,14,14,6.7,5.8,7.9,2127,fundamental,1,1,0
32,18,M,11,15,6.3,9.0,8.5,1414,fundamental,1,0,0
33,20,M,7,12,5.9,8.6,9.4,1044,fundamental,1,1,0
34,20,M,3,16,8.7,4.9,9.2,1556,superior,0,0,0
35,22,M,0,2,9.3,4.7,8.0,1623,superior,1,0,0
36,22,F,0,19,9.0,4.6,5.3,3627,superior,0,0,0
37,22,M,11,10,7.7,5.4,7.8,3579,medio,0,0,0
38,19,F,9,20,4.0,6.5,7.0,2646,fundamental,0,0,0
39,20,M,2,18,4.9,6.1,8.3,2235,fundamental,1,1,0
40,20,M,14,21,3.3,4.5,9.0,3725,superior,1,0,0
41,17,F,8,10,9.5,3.9,8.5,2040,medio,1,0,0
42,19,M,6,15,7.6,3.1,9.1,1315,superior,0,0,0
43,21,F,1,20,8.2,4.1,4.4,1273,fundamental,1,1,0
44,19,F,14,2,5.2,7.9,4.2,835,fundamental,0,0,0
45,21,M,12,21,8.9,4.7,5.6,2210,superior,1,0,0
46,17,F,8,5,4.8,6.3,9.4,2592,superior,0,0,1
47,18,F,9,13,3.0,7.1,8.9,3888,fundamental,1,1,0
48,20,F,1,23,5.6,9.2,8.1,2534,superior,1,0,0
49,17,F,2,17,7.0,9.2,8.2,1629,fundamental,1,1,0
50,20,F,10,16,6.4,8.2,8.4,3919,superior,0,1,0
51,22,F,12,3,9.0,3.2,9.7,3933,medio,0,0,1
52,18,F,9,22,3.7,7.0,9.0,1892,fundamental,1,1,0
53,18,F,13,14,6.9,8.5,7.7,3213,medio,0,1,0
54,17,M,1,10,6.6,3.1,8.0,1985,superior,0,0,0
55,18,M,2,2,5.0,6.8,5.3,2562,medio,0,0,0
56,21,F,5,2,8.8,9.0,7.9,1744,superior,1,0,1
57,18,M,8,15,8.3,6.3,6.5,3823,medio,1,0,0
58,20,F,8,4,8.1,3.0,4.9,2311,medio,1,1,0
59,20,F,6,20,9.1,3.1,8.8,1230,medio,0,1,0
60,20,M,11,9,8.1,5.9,7.1,2822,fundamental,1,0,1
61,20,F,2,18,4.6,4.1,9.9,1658,medio,0,0,0
62,21,F,3,24,7.9,7.7,5.7,1029,superior,0,0,0
63,19,F,5,3,5.2,8.0,6.9,3217,superior,1,1,1
64,22,F,10,18,4.7,4.2,6.7,977,fundamental,1,0,0
65,17,M,4,10,3.5,9.2,4.7,2233,fundamental,1,1,0
66,20,F,1,1,8.2,6.1,6.6,3415,superior,0,1,0
67,18,F,12,9,8.0,4.0,5.7,2413,medio,0,1,0
68,20,F,5,10,4.6,8.3,5.0,3640,superior,1,1,0
69,18,M,2,24,8.2,8.5,5.7,2563,fundamental,0,0,0
70,22,F,13,19,9.4,7.5,5.4,3747,fundamental,1,0,0
71,22,M,7,15,3.8,9.0,8.4,2574,superior,1,0,0
72,22,M,1,18,4.6,8.2,4.2,1774,medio,1,1,0
73,18,F,0,22,8.3,9.2,7.7,881,medio,1,1,0
74,20,F,8,23,4.9,6.0,8.6,1645,fundamental,1,0,0
75,22,M,13,10,7.4,8.2,6.9,3609,superior,1,1,0
76,21,F,11,13,3.6,10.0,9.6,2016,superior,0,1,0
77,18,M,2,1,6.2,8.1,8.2,1417,fundamental,0,1,0
78,18,M,10,22,8.2,3.8,8.5,3945,superior,1,0,0
79,20,F,0,4,7.8,6.6,5.2,3881,fundamental,1,0,0
80,18,F,6,4,8.7,7.1,8.7,3063,medio,0,0,1
81,18,M,12,18,9.1,4.2,9.0,3137,medio,0,1,0
82,22,M,14,20,8.4,9.7,6.2,1244,superior,1,0,0
83,20,M,9,11,7.7,4.2,5.3,1722,medio,1,0,0
84,22,M,4,17,3.2,4.2,6.3,3399,medio,0,0,0
85,22,F,4,3,6.7,9.4,8.4,992,fundamental,1,1,0
86,20,F,13,21,3.3,6.3,6.5,2462,fundamental,0,1,0
87,17,F,0,16,8.7,3.4,8.4,1088,superior,1,1,0
88,22,F,14,9,5.2,7.2,4.7,3430,fundamental,0,1,0
89,21,F,14,19,6.9,7.2,8.8,1967,superior,1,1,0
90,21,M,8,5,5.0,3.5,5.5,2230,superior,1,0,0
91,18,F,6,24,8.5,9.8,5.5,2634,fundamental,1,0,0
92,21,F,7,13,9.2,6.8,7.5,3704,medio,0,1,0
93,18,F,8,10,5.8,6.9,4.4,2770,medio,1,1,0
94,17,F,5,10,9.0,6.6,4.2,3628,medio,0,0,0
95,20,F,11,17,4.9,7.3,5.6,1695,medio,0,1,0
96,20,M,4,22,6.7,4.9,7.2,1719,superior,0,1,0
97,20,M,5,21,9.0,5.0,9.4,3411,medio,0,1,0
98,21,M,10,17,5.3,6.6,9.1,2834,superior,1,1,0
99,17,F,1,23,9.7,8.6,6.9,2352,fundamental,1,1,0
100,21,M,3,22,3.9,3.3,4.2,2500,fundamental,1,0,0
101,21,M,2,10,3.1,7.2,7.2,2860,superior,0,0,0
102,17,F,12,20,9.3,8.6,8.2,2525,medio,1,1,0
103,17,F,6,11,3.5,4.1,6.0,3834,superior,0,1,0
104,17,F,8,4,9.9,3.1,4.7,3187,medio,0,0,0
105,17,M,4,22,9.7,5.2,5.7,3712,medio,0,1,0
106,20,M,5,8,4.0,7.1,8.6,2697,superior,1,0,1
107,19,F,9,24,6.8,4.0,6.1,2599,superior,0,1,0
108,19,F,13,8,4.3,6.0,8.9,1111,medio,1,0,0
109,17,M,11,21,6.0,6.9,5.9,3580,superior,1,0,0
110,19,M,11,9,3.4,7.2,5.0,1927,medio,1,1,0
111,19,F,1,21,4.6,4.9,6.6,1138,superior,0,1,0
112,17,F,2,18,5.5,5.8,6.7,3147,fundamental,1,0,0
113,19,M,2,0,6.1,8.4,4.1,1158,medio,0,1,0
114,21,F,11,6,9.8,9.6,4.7,3016,fundamental,0,0,1
115,18,M,11,3,8.7,9.0,5.1,1972,superior,0,1,1
116,18,M,14,0,8.2,6.9,4.7,3608,fundamental,0,1,1
117,17,M,8,14,6.8,5.9,6.0,1567,superior,1,1,0
118,20,M,14,7,8.9,5.3,9.8,3829,medio,1,0,1
119,17,F,6,11,5.4,3.9,7.1,2889,superior,1,0,0
120,20,F,7,21,8.0,3.7,7.8,1001,superior,1,1,0
121,18,M,10,21,10.0,7.8,6.1,3817,medio,0,0,0
122,17,M,9,17,5.2,4.8,5.9,2492,superior,0,1,0
123,22,M,10,14,7.7,4.8,4.1,1263,medio,0,0,0
124,21,M,8,16,8.9,10.0,7.0,1248,superior,0,1,0
125,19,M,5,13,9.4,4.3,6.9,1712,medio,1,0,0
126,20,F,3,13,8.0,4.0,4.9,1597,fundamental,1,0,0
127,22,F,11,17,5.0,3.7,8.6,1593,superior,0,0,0
128,19,F,0,19,5.3,7.1,7.0,1236,superior,0,0,0
129,19,F,7,17,3.1,7.4,6.0,2716,superior,0,0,0
130,17,M,6,15,8.3,5.6,4.9,2573,medio,0,0,0
131,19,M,1,0,3.3,6.7,7.3,1330,superior,1,1,0
132,21,M,7,22,9.1,8.5,8.5,1364,medio,0,1,0
133,22,M,11,10,3.8,8.7,5.7,2420,superior,1,0,0
134,19,M,4,14,4.2,9.7,5.3,2096,fundamental,1,1,0
135,17,F,6,11,6.3,8.8,7.1,3719,superior,0,0,0
136,21,M,3,7,8.2,7.0,4.9,1012,fundamental,0,1,0
137,18,F,4,21,4.0,4.3,8.0,1748,medio,1,1,0
138,22,F,7,19,6.1,3.7,7.6,1927,fundamental,1,1,0
139,19,F,0,5,6.4,3.4,4.5,991,superior,0,1,0
140,17,F,0,2,4.5,7.7,4.2,2203,superior,1,0,0
141,18,M,14,23,3.8,8.7,7.7,2790,medio,0,1,0
142,18,F,3,12,8.9,6.6,5.8,1904,superior,0,1,0
143,20,F,2,12,6.5,3.4,4.5,1504,superior,1,1,0
144,21,F,12,1,3.1,6.7,8.6,1348,medio,1,0,0
145,19,M,9,4,8.6,9.6,5.9,2661,medio,0,1,1
146,17,M,11,16,9.9,7.2,6.8,953,fundamental,0,0,0
147,20,M,1,5,7.2,8.7,5.4,2465,medio,1,0,0
148,21,F,11,1,6.5,8.6,7.8,1370,superior,1,1,1
149,20,F,2,3,9.1,9.5,5.8,2584,medio,1,0,0
150,22,M,10,21,9.7,8.4,9.8,3087,superior,1,1,0
151,21,F,14,10,8.3,8.2,8.2,3221,fundamental,0,1,0
152,21,M,14,7,6.1,4.6,4.8,1604,medio,0,1,0
153,19,M,10,11,7.1,3.4,6.5,1598,superior,0,1,0
154,21,F,13,7,7.9,6.6,6.3,1410,medio,1,1,1
155,20,F,10,10,4.4,3.9,7.2,3535,medio,1,1,0
156,21,F,0,21,6.1,9.7,9.1,3621,medio,0,1,0
157,19,F,0,19,8.8,5.0,7.5,2606,medio,1,0,0
158,19,M,5,7,7.6,9.0,4.4,942,fundamental,1,0,1
159,22,M,4,7,5.9,5.7,7.9,1071,superior,1,1,0
160,20,M,7,16,7.6,5.3,4.0,2355,medio,1,1,0
161,18,M,1,19,3.8,9.5,8.7,3273,superior,1,0,0
162,18,M,3,19,5.8,5.5,8.0,2893,fundamental,1,1,0
163,21,F,7,22,8.6,5.7,5.9,2942,superior,0,0,0
164,22,M,11,15,4.5,3.7,5.8,2911,superior,0,0,0
165,17,M,5,13,4.3,7.7,8.8,3260,fundamental,0,1,0
166,21,M,0,10,9.7,5.0,8.7,3880,medio,0,1,0
167,22,F,14,6,4.5,7.1,6.1,1258,superior,1,0,0
168,20,F,3,15,4.8,7.1,5.8,2538,superior,0,0,0
169,20,F,0,12,9.8,8.0,7.4,2232,medio,0,1,0
170,20,F,12,14,8.1,8.2,4.1,3317,medio,0,1,0
171,20,M,1,23,7.9,6.6,4.5,3657,superior,0,0,0
172,20,M,4,15,9.0,5.3,4.8,1305,fundamental,1,0,0
173,22,F,13,20,3.8,8.9,5.1,2509,medio,1,0,0
174,22,F,7,22,7.9,5.2,7.1,1896,medio,0,1,0
175,19,M,7,23,6.5,6.6,10.0,883,fundamental,0,1,0
176,18,M,10,8,8.8,5.8,7.9,858,superior,1,1,1
177,20,F,2,2,6.6,9.0,4.4,1844,medio,1,0,0
178,17,F,10,18,7.3,6.0,7.2,2281,superior,0,0,0
179,22,F,12,19,6.3,5.7,7.0,3765,superior,1,1,0
180,17,F,3,4,6.3,7.8,4.9,3004,superior,1,0,0
181,17,M,9,9,8.4,7.2,9.5,2152,fundamental,0,0,1
182,17,M,10,16,7.4,3.8,6.6,2396,superior,1,0,0
183,19,M,13,14,7.4,6.6,10.0,1375,superior,0,0,0
184,22,F,5,22,6.2,8.1,6.5,3684,medio,0,0,0
185,17,F,10,24,6.7,9.9,7.6,1479,medio,1,1,0
186,20,M,10,7,8.2,7.4,4.6,1002,fundamental,1,1,1
187,21,M,9,14,8.8,5.6,6.7,1929,fundamental,1,1,0
188,17,M,2,20,7.9,4.6,5.4,3993,medio,1,1,0
189,19,M,1,13,9.5,9.1,9.0,1117,medio,1,1,0
190,22,F,5,19,8.7,8.7,8.7,2005,fundamental,1,0,0
191,19,M,10,6,6.9,4.6,8.9,2438,superior,0,0,1
192,17,M,12,20,7.7,4.4,8.3,2596,fundamental,1,0,0
193,22,M,14,22,9.5,8.0,9.0,1205,superior,0,1,0
194,21,M,4,11,7.3,5.2,5.2,3833,medio,1,0,0
195,17,M,13,16,8.8,5.1,6.7,3796,medio,1,0,0
196,19,M,9,16,7.8,4.1,8.2,3941,medio,1,0,0
197,18,M,4,9,6.9,4.8,7.8,3342,superior,1,1,0
198,20,F,9,18,4.7,6.0,8.3,1478,fundamental,1,0,0
199,19,F,12,13,6.0,8.1,5.3,2070,superior,0,0,0
200,22,F,4,10,9.8,5.4,4.6,2689,fundamental,0,1,0
201,17,F,9,1,7.6,5.3,9.5,2347,fundamental,0,1,1
202,20,M,11,17,7.0,5.0,7.4,2443,fundamental,1,0,0
203,17,F,4,6,9.5,6.3,4.9,2159,medio,1,1,0
204,22,F,2,11,7.1,4.3,8.8,2245,fundamental,1,0,0
205,17,M,6,1,6.7,6.4,9.5,1634,medio,0,1,1
206,18,M,5,19,8.3,7.9,5.0,3041,fundamental,0,0,0
207,20,F,3,17,8.0,3.2,8.9,3155,fundamental,1,0,0
208,20,F,1,5,4.4,3.1,9.6,2468,medio,0,1,0
209,22,M,11,23,6.3,3.5,9.6,2730,medio,1,1,0
210,18,F,8,9,6.3,6.7,9.5,3353,superior,1,1,1
211,19,M,0,19,5.6,9.0,7.3,1080,fundamental,0,1,0
212,17,M,12,14,6.6,3.0,6.1,3522,medio,0,0,0
213,21,M,12,4,5.9,9.6,4.0,2613,superior,0,1,0
214,17,M,10,19,4.4,3.7,4.4,1732,superior,0,0,0
215,17,F,14,2,5.9,8.9,6.6,3562,medio,1,0,1
216,19,M,13,4,3.5,6.4,6.4,1407,fundamental,1,0,0
217,17,M,3,24,7.0,7.6,5.1,1282,superior,0,1,0
218,18,F,0,7,9.0,6.6,6.4,2046,fundamental,0,0,0
219,18,M,12,7,8.1,6.3,5.0,2572,fundamental,0,0,0
220,20,F,5,7,5.5,8.8,9.1,2964,superior,0,1,1
221,22,F,3,11,3.6,8.3,5.8,3815,medio,1,0,0
222,21,F,4,23,4.4,6.4,7.6,991,fundamental,1,0,0
223,17,M,4,22,6.8,3.8,7.0,3635,medio,1,0,0
224,17,F,8,7,4.4,3.8,4.3,3465,superior,1,1,0
225,19,F,0,10,6.8,8.6,9.7,2817,fundamental,1,0,0
226,22,M,12,13,4.6,6.7,7.2,3363,medio,1,0,0
227,18,F,1,7,8.9,6.4,6.0,1106,medio,1,0,0
228,21,F,12,23,5.8,7.8,4.9,1331,fundamental,0,1,0
229,20,F,5,9,4.7,9.0,6.0,921,medio,1,1,1
230,18,F,4,6,8.7,7.4,4.1,3496,medio,0,1,0
231,22,F,10,16,5.4,8.3,6.2,1391,superior,0,0,0
232,20,M,6,3,3.8,8.4,7.2,3717,superior,0,0,0
233,19,F,2,12,7.0,5.5,9.2,2275,medio,1,0,0
234,19,F,2,3,7.1,4.9,8.1,858,medio,1,0,0
235,17,M,9,4,8.0,8.6,4.7,3148,fundamental,1,0,1
236,22,M,1,21,4.7,5.6,4.9,3400,superior,1,1,0
237,21,M,12,3,6.1,9.3,6.6,2373,fundamental,0,0,1
238,20,F,2,17,5.0,3.5,5.2,1940,medio,1,0,0
239,18,M,9,5,3.6,3.4,4.2,2610,fundamental,0,1,0
240,22,F,0,23,9.1,9.5,8.8,2605,medio,1,1,0
241,22,F,4,23,8.1,7.5,4.1,3998,superior,1,0,0
242,19,M,13,22,5.1,5.7,9.0,1198,superior,0,1,0
243,17,M,14,21,7.2,8.3,4.9,3362,medio,0,1,0
244,17,F,11,1,4.4,7.7,9.8,3652,superior,0,1,1
245,20,M,4,22,9.2,6.7,7.6,3345,medio,1,0,0
246,19,F,11,10,3.8,3.7,8.4,1741,fundamental,1,1,0
247,22,M,10,13,3.0,8.7,4.7,1327,medio,0,0,0
248,21,M,6,4,6.5,9.1,9.2,3245,fundamental,1,1,1
249,19,M,3,5,7.1,4.2,9.0,2574,medio,0,0,0
250,20,F,2,9,7.1,9.0,7.9,2221,superior,1,0,0
251,20,M,0,7,3.4,9.1,7.0,2469,medio,0,0,0
252,19,F,11,13,5.2,6.8,8.3,2350,medio,0,1,0
253,20,F,14,23,6.5,7.6,4.0,1235,medio,1,1,0
254,19,F,7,2,4.5,5.7,7.6,1639,superior,0,1,0
255,18,F,12,11,9.1,5.0,9.1,1159,medio,1,0,0
256,19,M,2,15,3.6,8.1,6.1,1952,superior,1,1,0
257,19,F,12,22,6.4,9.0,4.6,1663,medio,0,1,0
258,20,F,14,16,7.8,7.6,6.5,3481,fundamental,0,0,0
259,20,M,1,0,4.8,6.6,8.4,2450,medio,1,1,0
260,17,F,10,22,7.4,4.1,4.6,2532,fundamental,1,0,0
261,17,M,3,9,8.8,3.4,5.2,2045,superior,0,1,0
262,18,F,2,24,4.3,6.1,4.9,3061,superior,0,0,0
263,17,M,12,22,9.4,3.3,8.8,1715,medio,0,0,0
264,19,F,0,9,6.9,7.0,4.4,3439,superior,1,1,0
265,20,M,2,20,5.1,5.7,8.1,2598,medio,1,0,0
266,17,F,11,23,6.0,8.3,6.2,2982,superior,1,1,0
267,17,F,1,1,5.2,5.1,8.5,3601,fundamental,0,1,0
268,18,M,7,8,8.1,7.2,9.8,1185,superior,0,1,1
269,22,M,5,21,8.6,6.8,4.7,2126,fundamental,1,1,0
270,18,M,8,12,8.8,3.0,5.9,2605,medio,1,0,0
271,19,M,7,24,9.9,3.5,8.9,2385,medio,0,0,0
272,20,F,9,15,8.5,5.0,5.6,2012,medio,1,0,0
273,18,F,2,17,7.2,9.2,5.3,2349,fundamental,0,1,0
274,17,M,4,18,5.4,4.0,9.0,1188,medio,0,1,0
275,20,F,6,11,6.8,8.0,9.9,3591,medio,0,0,0
276,20,M,4,7,3.3,9.8,7.3,1503,fundamental,1,0,0
277,17,M,7,16,8.2,8.5,5.7,3772,superior,1,1,0
278,18,F,11,14,6.1,4.7,6.4,2538,medio,0,1,0
279,17,F,4,9,3.1,9.4,5.0,3620,superior,0,1,0
280,22,F,0,14,3.4,3.7,8.6,3984,superior,1,0,0
281,20,F,4,14,5.7,6.3,8.6,1663,medio,0,1,0
282,21,F,3,22,7.1,9.2,9.3,1859,medio,1,0,0
283,21,F,5,6,6.2,7.5,4.2,878,fundamental,1,1,0
284,19,F,2,12,7.3,5.9,7.4,2098,fundamental,1,0,0
285,17,M,14,16,6.4,5.0,5.3,2101,medio,0,1,0
286,17,M,10,8,7.6,5.6,6.0,1473,superior,0,0,0
287,19,M,4,7,4.5,6.6,8.7,3159,fundamental,0,0,0
288,19,M,1,19,3.8,5.2,5.2,1003,fundamental,0,0,0
289,19,M,10,20,7.2,9.8,7.8,1784,medio,1,1,0
290,20,F,5,17,6.4,9.5,7.9,2775,medio,0,0,0
291,22,M,12,12,3.2,9.1,9.7,816,medio,1,0,0
292,17,M,14,15,5.7,6.0,8.7,1275,medio,0,1,0
293,20,M,11,8,3.7,7.8,8.8,1816,fundamental,0,0,1
294,19,M,5,11,6.7,9.3,7.2,1009,fundamental,0,0,0
295,17,M,4,11,5.8,9.0,5.1,1298,fundamental,0,1,0
296,20,M,5,5,7.3,5.9,6.6,1228,superior,0,0,1
297,22,M,10,18,8.6,3.8,7.3,3949,fundamental,1,1,0
298,20,F,6,6,5.1,3.5,8.1,3951,fundamental,0,0,0
299,22,F,11,24,9.7,7.0,7.6,2129,medio,0,1,0
300,19,M,4,2,6.7,7.5,6.4,2905,fundamental,0,0,0
301,22,F,0,15,7.3,8.9,5.6,2353,fundamental,0,0,0
302,17,F,7,17,7.8,5.0,5.0,2031,fundamental,0,0,0
303,19,F,3,15,7.7,4.2,8.2,2334,medio,1,1,0
304,17,F,8,22,6.6,5.7,7.9,2667,fundamental,0,0,0
305,21,M,13,6,6.0,5.5,8.1,3841,fundamental,1,0,1
306,18,F,9,3,3.4,3.9,6.2,3369,superior,0,1,0
307,22,F,11,24,3.2,7.7,5.6,3428,superior,1,1,0
308,18,F,5,7,5.5,6.6,8.6,2676,superior,0,1,1
309,18,M,0,12,5.3,8.0,8.6,1698,superior,0,0,0
310,22,M,2,12,5.7,5.5,6.7,1906,medio,1,0,0
311,19,M,2,16,4.0,5.3,7.7,3468,superior,0,0,0
312,21,M,9,16,8.2,6.3,6.2,1867,fundamental,1,1,0
313,17,M,11,4,9.0,9.1,8.2,2306,superior,0,1,1
314,20,M,11,5,9.6,3.3,9.0,3813,medio,1,0,1
315,17,M,3,18,6.4,8.6,8.1,3757,superior,1,0,0
316,20,F,5,12,7.9,5.6,7.1,2467,superior,1,1,0
317,17,F,14,24,9.0,9.0,6.8,1292,medio,0,1,0
318,22,F,6,13,5.9,8.6,7.9,3346,medio,1,1,0
319,21,M,9,21,5.2,5.4,8.1,3889,medio,0,0,0
320,20,M,3,3,9.6,7.9,7.4,1404,medio,1,1,0
321,19,M,5,6,6.6,4.1,7.7,1747,medio,1,1,0
322,17,M,10,7,6.5,9.3,4.6,1093,medio,1,1,1
323,17,M,0,24,4.2,5.8,9.7,1971,fundamental,0,1,0
324,20,F,13,12,3.8,6.2,8.7,2818,superior,0,0,0
325,19,F,7,5,8.9,7.9,6.2,971,superior,0,1,1
326,19,M,6,5,7.3,8.7,7.4,2386,medio,1,0,1
327,22,M,14,23,5.3,4.7,4.3,1330,medio,0,0,0
328,22,M,10,20,4.3,7.6,4.2,1943,fundamental,0,1,0
329,22,M,10,2,6.9,5.7,5.5,2659,fundamental,1,1,0
330,22,F,8,2,7.1,5.6,8.1,2560,medio,1,0,1
331,22,M,2,12,4.4,7.8,9.1,2913,fundamental,0,1,0
332,22,M,1,21,9.0,5.7,7.4,2988,fundamental,0,0,0
333,21,M,0,1,3.6,5.4,7.2,3293,medio,0,1,0
334,19,M,2,15,5.5,8.9,6.4,988,medio,1,0,0
335,22,F,4,21,7.8,3.7,5.0,957,medio,1,0,0
336,19,M,13,5,4.9,7.7,4.7,3517,medio,1,0,0
337,19,M,10,7,8.8,4.7,8.6,2770,superior,1,1,1
338,18,F,1,22,8.2,3.1,9.6,1045,superior,1,0,0
339,21,F,11,7,8.5,4.2,6.7,3703,medio,0,0,0
340,22,F,2,24,3.8,7.2,8.0,3791,fundamental,0,1,0
341,17,M,14,5,4.0,8.0,9.5,3595,medio,0,1,1
342,20,M,14,13,5.0,3.1,4.5,3904,superior,1,0,0
343,17,F,14,2,6.6,3.3,8.6,3177,fundamental,1,0,0
344,21,F,3,9,8.2,9.3,7.7,3359,superior,0,1,0
345,20,F,6,2,8.9,3.5,7.6,1649,medio,0,0,1
346,21,F,12,11,7.9,9.3,5.8,2610,superior,0,1,0
347,19,F,2,16,9.5,4.6,8.1,1894,superior,1,1,0
348,20,F,14,4,8.2,8.2,8.8,2136,superior,1,1,1
349,19,M,8,19,5.1,5.2,4.7,2926,fundamental,1,0,0
350,17,M,7,24,4.9,9.0,7.2,968,superior,1,1,0
351,17,M,3,8,7.9,7.9,4.6,3657,fundamental,1,0,0
352,20,F,12,20,4.4,5.8,9.2,3830,medio,0,0,0
353,20,F,0,19,3.6,3.5,7.0,3027,medio,0,1,0
354,22,F,0,6,6.7,8.1,8.8,2451,superior,1,1,0
355,21,F,0,21,8.8,7.3,6.2,3107,fundamental,1,1,0
356,22,F,0,3,3.7,3.0,4.8,2309,medio,0,1,0
357,21,F,7,12,8.5,3.1,4.2,2595,fundamental,1,0,0
358,22,M,2,12,8.7,8.7,5.7,3876,fundamental,1,0,0
359,19,M,14,9,6.4,4.8,5.5,3144,superior,0,1,0
360,20,F,5,17,3.4,7.5,7.4,1419,superior,1,0,0
361,17,M,2,16,4.2,6.2,4.1,3702,fundamental,1,1,0
362,21,F,10,19,8.0,9.0,7.1,3207,fundamental,0,0,0
363,21,M,4,19,8.0,9.4,6.4,2964,superior,1,0,0
364,17,F,12,12,9.3,10.0,7.5,1156,fundamental,1,0,0
365,22,F,14,16,7.1,4.1,8.2,3804,superior,0,1,0
366,21,M,13,21,3.9,9.0,7.8,3286,fundamental,0,0,0
367,19,M,12,3,3.8,4.9,9.9,2477,superior,1,0,0
368,20,F,14,0,8.0,7.1,4.8,2011,fundamental,0,0,1
369,17,F,6,0,4.3,6.5,6.6,2104,superior,0,0,0
370,20,M,1,14,5.3,3.1,6.5,2334,fundamental,1,1,0
371,21,M,5,12,6.4,9.5,6.5,2289,medio,0,0,0
372,21,F,12,16,3.2,3.5,8.0,3986,medio,1,1,0
373,17,M,5,23,4.7,7.8,6.9,2763,fundamental,0,1,0
374,19,F,10,7,5.9,8.5,7.1,2161,medio,0,0,1
375,18,F,2,17,5.0,8.6,6.6,3369,fundamental,1,0,0
376,17,F,5,12,4.0,3.9,10.0,998,fundamental,1,1,0
377,18,F,9,22,8.1,6.1,9.6,2587,medio,1,1,0
378,22,M,9,13,8.7,8.8,5.8,1873,fundamental,0,1,0
379,18,M,13,7,4.8,5.1,4.7,1965,superior,1,0,0
380,19,M,4,7,8.4,6.3,9.0,2606,fundamental,1,0,0
381,22,M,11,14,5.7,4.9,10.0,2337,fundamental,0,1,0
382,18,M,1,12,6.5,6.2,5.8,3517,medio,0,1,0
383,22,M,8,6,9.0,9.2,6.1,3901,superior,0,1,1
384,18,M,7,4,8.2,6.2,9.6,3953,fundamental,1,0,1
385,19,F,2,16,8.6,6.9,8.3,830,fundamental,0,0,0
386,18,M,7,24,4.0,5.8,5.8,3855,fundamental,0,1,0
387,18,M,13,15,3.5,6.2,7.5,3180,fundamental,1,0,0
388,18,F,8,22,9.3,3.1,9.7,1459,fundamental,0,1,0
389,17,M,13,1,5.7,5.0,8.9,3024,fundamental,0,0,1
390,17,M,14,21,5.0,6.1,8.5,3217,superior,1,1,0
391,17,F,2,17,8.1,7.4,8.4,1346,superior,0,0,0
392,19,M,2,16,8.9,6.2,5.1,3382,fundamental,1,0,0
393,22,M,1,6,9.0,5.4,8.9,1929,fundamental,1,0,0
394,21,M,7,12,5.2,5.7,5.7,2944,medio,1,0,0
395,18,F,9,17,9.0,4.7,9.6,3077,superior,1,0,0
396,18,M,0,13,3.3,9.5,6.2,3074,superior,1,0,0
397,19,M,7,17,3.3,6.7,9.1,1170,fundamental,0,0,0
398,18,F,6,12,7.4,3.1,5.6,1923,superior,1,1,0
399,17,M,13,10,3.4,3.1,7.1,2268,superior,1,1,0
400,21,F,6,20,5.3,9.8,4.6,2291,medio,1,1,0
401,20,F,2,20,7.7,4.6,8.0,2902,medio,1,0,0
402,18,M,0,15,5.4,8.6,9.0,3271,superior,0,0,0
403,17,F,3,22,4.3,3.4,8.3,3162,superior,0,0,0
404,20,F,8,16,5.0,9.4,7.1,1951,superior,0,1,0
405,21,M,4,7,6.2,9.1,4.3,2879,fundamental,1,1,0
406,20,F,0,18,6.3,7.0,9.6,892,medio,0,1,0
407,17,F,14,19,8.5,3.1,8.2,3366,fundamental,0,1,0
408,22,M,4,14,8.3,4.8,8.5,2081,medio,1,1,0
409,22,M,12,8,6.2,5.8,8.8,3700,medio,1,1,1
410,20,M,7,19,8.9,6.2,8.5,2725,medio,0,0,0
411,19,F,7,9,3.8,5.1,6.6,2043,superior,0,1,0
412,20,M,4,11,4.8,3.2,8.4,3599,medio,0,0,0
413,18,F,11,20,8.8,7.1,7.8,3977,fundamental,0,1,0
414,18,F,8,22,5.6,6.7,9.1,2371,medio,1,1,0
415,22,F,14,19,9.9,5.0,8.8,1215,fundamental,1,0,0
416,19,F,0,0,6.3,3.3,4.2,3404,medio,1,0,0
417,17,F,3,24,8.5,10.0,6.3,3213,medio,1,0,0
418,18,F,2,19,5.8,6.4,4.2,2344,superior,1,1,0
419,22,F,1,8,6.0,8.3,4.6,3446,fundamental,0,1,0
420,21,M,14,21,5.7,6.2,7.6,3178,medio,1,0,0
421,22,M,7,14,8.0,3.3,9.2,1488,medio,1,1,0
422,18,F,6,0,6.8,5.2,4.7,2465,fundamental,0,0,0
423,18,F,8,11,9.6,5.2,6.7,2858,medio,1,1,0
424,22,M,1,2,4.8,8.9,9.5,3665,superior,0,1,0
425,17,F,13,10,3.7,7.6,8.9,2330,fundamental,1,1,0
426,20,M,13,1,5.8,4.9,7.1,1218,superior,1,0,0
427,18,M,3,15,7.3,9.8,8.6,1945,fundamental,1,1,0
428,22,M,13,8,9.0,5.3,7.1,1710,fundamental,0,0,1
429,22,F,14,14,5.4,10.0,4.9,2154,fundamental,1,0,0
430,19,F,5,11,7.6,10.0,4.7,2366,medio,0,0,0
431,20,M,10,0,5.5,4.3,5.1,3195,fundamental,1,0,0
432,21,M,2,12,7.3,5.2,6.1,3805,fundamental,1,0,0
433,17,M,7,13,9.2,6.4,9.6,1211,fundamental,0,0,0
434,21,M,2,24,4.6,7.6,8.8,2047,superior,0,0,0
435,20,M,13,24,5.8,6.7,6.6,952,fundamental,1,0,0
436,20,F,11,7,10.0,9.8,7.0,2035,medio,0,0,1
437,20,M,12,7,9.1,8.1,5.6,891,fundamental,1,1,1
438,21,F,12,11,7.0,4.5,8.2,1130,fundamental,1,0,0
439,20,M,1,0,6.6,3.7,8.8,2464,superior,0,1,0
440,22,F,12,10,5.0,7.8,5.4,1754,medio,0,0,0
441,21,F,12,7,6.6,4.1,4.3,3817,medio,0,1,0
442,20,F,2,9,8.9,8.5,7.7,3401,medio,1,1,0
443,22,F,10,18,7.8,5.2,7.4,3777,fundamental,0,1,0
444,19,F,5,10,5.0,5.3,6.4,2051,fundamental,1,1,0
445,20,F,1,6,4.4,3.1,7.9,993,medio,0,1,0
446,21,M,7,10,4.9,7.9,7.3,1329,medio,0,1,0
447,18,F,0,16,4.2,3.8,5.5,3692,superior,0,0,0
448,20,M,6,0,3.7,8.4,6.4,2066,medio,0,0,0
449,18,F,1,20,5.9,6.4,6.6,2273,fundamental,0,0,0
450,22,F,9,20,3.8,8.5,9.3,1438,fundamental,1,0,0
451,19,M,11,7,4.2,7.1,9.8,2410,fundamental,0,0,1
452,17,F,5,22,6.8,3.6,9.4,2397,superior,0,0,0
453,19,M,11,23,4.2,8.4,8.3,3325,medio,1,1,0
454,20,M,1,5,3.4,3.5,7.5,3327,fundamental,1,0,0
455,18,M,1,21,5.2,6.4,8.1,3135,superior,1,1,0
456,18,M,9,17,4.5,4.2,9.6,1497,superior,1,1,0
457,21,F,12,5,6.6,8.3,5.5,2845,fundamental,0,1,1
458,18,F,7,4,3.7,9.4,7.2,2501,superior,0,1,1
459,21,M,14,12,8.3,6.9,8.1,3542,superior,1,1,0
460,22,F,14,18,9.3,6.7,8.1,1339,fundamental,0,1,0
461,17,F,11,21,8.2,8.3,5.5,1129,superior,1,0,0
462,20,M,1,7,6.7,3.0,7.5,1269,fundamental,1,1,0
463,21,F,6,8,9.0,9.4,8.8,3696,fundamental,0,1,1
464,17,M,2,16,7.9,4.4,6.9,1333,superior,0,0,0
465,18,M,7,2,3.1,9.9,8.8,2762,fundamental,1,0,1
466,18,F,6,18,5.8,8.2,6.2,1266,fundamental,0,0,0
467,17,F,13,10,9.0,8.4,9.6,3824,medio,1,0,0
468,18,F,7,23,5.4,7.6,7.2,3267,fundamental,1,0,0
469,22,M,13,16,3.2,6.3,7.6,3993,medio,1,0,0
470,22,M,6,20,8.2,7.0,4.2,1561,medio,1,0,0
471,17,F,10,18,8.6,3.3,5.0,1805,medio,0,1,0
472,21,F,5,1,4.1,7.4,7.8,1690,medio,1,0,0
473,21,F,12,7,6.8,7.4,6.5,3155,superior,1,1,1
474,17,F,6,18,4.3,9.2,7.0,2755,superior,1,0,0
475,21,M,4,6,8.0,6.5,4.4,3771,fundamental,0,0,0
476,21,F,6,16,4.9,3.5,9.0,3181,fundamental,1,1,0
477,22,M,0,5,5.2,5.1,8.7,1753,fundamental,1,0,0
478,21,M,0,18,8.9,7.6,5.1,2243,superior,0,0,0
479,19,F,8,23,6.3,4.7,7.8,3869,medio,1,0,0
480,20,F,13,5,7.7,5.0,8.9,2472,superior,1,0,1
481,18,F,4,1,5.8,8.7,7.8,3636,superior,1,0,0
482,19,M,12,5,5.1,7.1,5.9,1631,fundamental,1,0,0
483,21,F,4,22,7.4,6.6,7.9,1643,fundamental,0,0,0
484,22,F,2,4,4.1,5.2,5.3,3097,fundamental,0,1,0
485,17,M,4,18,5.6,8.1,5.9,3966,medio,0,0,0
486,21,F,2,19,4.5,5.0,5.4,2119,medio,1,1,0
487,22,M,8,3,7.9,8.2,7.3,983,superior,0,1,1
488,20,F,8,21,9.6,3.5,4.6,2083,medio,0,1,0
489,21,M,5,16,10.0,9.1,9.6,3646,fundamental,1,1,0
490,17,F,14,10,6.2,6.5,6.0,2490,medio,0,1,0
491,22,F,0,3,4.8,6.1,5.3,3033,medio,0,1,0
492,22,M,6,12,6.1,7.3,7.0,2232,medio,0,1,0
493,22,M,6,19,8.9,7.4,5.7,3940,medio,1,0,0
494,20,F,13,16,4.4,3.9,7.2,3685,fundamental,1,0,0
495,21,M,9,8,9.7,8.3,6.1,2596,fundamental,0,0,1
496,20,M,9,3,5.4,4.9,4.8,1426,superior,0,1,0
497,18,M,3,22,9.9,9.3,5.6,3706,superior,1,0,0
498,18,M,7,13,8.9,8.7,6.6,2855,superior,1,1,0
499,21,F,5,18,8.7,5.4,4.2,1582,medio,1,1,0
500,20,F,3,2,5.2,8.7,8.6,2307,medio,1,0,0
501,17,M,3,13,3.1,5.5,7.7,2584,fundamental,0,1,0
502,22,M,1,7,5.7,3.7,7.6,1574,superior,1,1,0
503,22,M,13,23,5.1,9.7,7.3,2559,fundamental,0,0,0
504,21,M,1,0,3.3,7.6,7.5,2663,superior,1,1,0
505,18,F,11,9,6.5,6.2,9.6,1806,superior,1,0,1
506,18,F,13,17,5.8,5.8,4.1,1476,superior,1,1,0
507,22,M,3,15,7.4,5.3,4.3,3954,medio,1,1,0
508,21,M,4,7,7.3,9.9,5.1,2630,superior,0,0,0
509,20,M,7,0,3.8,3.9,5.0,1010,superior,0,0,0
510,18,F,14,11,9.8,5.2,5.1,2136,medio,0,0,0
511,20,M,5,7,4.3,6.4,8.0,2427,superior,1,1,0
512,18,F,13,23,6.1,6.3,6.8,2160,medio,0,1,0
513,18,M,14,15,6.4,6.3,10.0,1289,medio,1,0,0
514,19,F,3,17,8.7,4.2,5.4,2226,fundamental,1,0,0
515,18,M,12,3,3.7,4.0,5.9,3486,medio,0,0,0
516,17,F,10,5,6.0,4.8,9.9,990,medio,1,1,1
517,21,M,6,11,7.4,9.4,9.0,3518,medio,1,1,0
518,21,M,7,8,4.5,3.8,6.8,1642,superior,0,0,0
519,20,M,1,14,7.4,8.3,7.3,1134,fundamental,1,0,0
520,18,F,11,15,9.5,8.3,9.1,2442,superior,1,0,0
521,17,M,6,23,10.0,8.7,6.9,1910,medio,0,1,0
522,20,F,14,11,3.2,9.2,5.2,1378,medio,0,0,0
523,19,F,13,23,4.6,4.8,9.0,861,fundamental,1,0,0
524,20,M,1,22,5.2,4.6,7.2,1186,fundamental,0,0,0
525,20,M,1,13,5.8,6.3,4.9,1969,medio,1,1,0
526,18,M,7,12,4.7,4.9,7.0,3000,medio,0,1,0
527,19,F,1,24,4.4,8.1,6.5,1418,superior,1,0,0
528,20,M,14,1,9.7,7.5,9.3,2483,medio,0,1,1
529,17,F,10,2,9.4,9.1,4.8,3545,superior,0,0,1
530,17,F,8,23,3.3,3.6,9.3,2677,fundamental,1,0,0
531,21,M,11,21,5.4,9.4,7.1,3025,superior,0,0,0
532,19,M,0,9,5.8,5.1,6.4,3694,medio,0,0,0
533,19,M,14,8,4.7,6.4,5.0,1286,superior,1,1,0
534,21,M,8,19,7.4,6.1,8.2,2077,superior,0,0,0
535,20,M,14,7,7.5,8.3,9.6,3347,fundamental,0,0,1
536,19,M,0,9,9.0,5.9,6.3,1340,superior,0,1,0
537,17,F,9,18,8.2,9.6,5.4,2335,medio,1,0,0
538,17,F,12,2,6.8,9.3,7.3,2860,superior,0,1,1
539,18,F,9,23,7.6,9.1,8.8,950,superior,1,0,0
540,19,M,1,4,4.9,3.5,4.0,1873,superior,1,0,0
541,20,F,5,2,7.2,9.0,7.8,2038,medio,0,0,1
542,21,F,5,15,6.4,8.5,7.6,1790,superior,1,0,0
543,21,F,0,16,3.9,3.7,5.9,3491,medio,1,1,0
544,20,F,6,14,4.7,3.8,6.7,1171,superior,1,0,0
545,22,F,7,2,5.0,3.7,5.5,1936,fundamental,1,1,0
546,18,M,1,11,9.5,3.1,8.7,3099,fundamental,0,1,0
547,21,M,7,8,4.6,6.8,7.8,2900,fundamental,0,1,0
548,19,F,8,20,5.0,9.8,7.2,1953,medio,0,0,0
549,18,F,5,11,5.6,6.1,6.4,992,medio,1,1,0
550,19,F,4,14,7.6,6.8,5.7,3438,medio,1,1,0
551,17,M,11,1,3.8,9.8,8.9,1880,superior,0,1,1
552,18,M,8,22,9.7,4.8,6.7,2944,medio,1,0,0
553,21,F,12,17,9.1,9.0,7.0,997,medio,0,0,0
554,18,M,11,19,7.0,6.8,7.1,2994,medio,1,1,0
555,18,M,10,11,7.7,7.0,6.7,2398,medio,0,1,0
556,18,F,8,22,3.1,5.4,5.5,2400,fundamental,0,0,0
557,22,M,0,3,5.4,6.9,4.7,3570,superior,0,1,0
558,18,M,10,22,8.6,3.5,4.6,1483,fundamental,1,1,0
559,19,F,2,15,3.5,8.4,8.5,3883,superior,0,1,0
560,17,M,8,22,5.0,5.0,5.3,1132,superior,1,0,0
561,20,M,10,15,7.1,9.2,4.3,2043,fundamental,1,1,0
562,18,F,1,0,4.8,5.6,8.8,2221,medio,0,1,0
563,21,M,11,21,9.5,4.0,4.9,2165,fundamental,0,0,0
564,18,M,3,24,3.9,7.9,7.8,2621,superior,1,1,0
565,21,F,3,1,8.6,4.2,6.0,3359,superior,1,0,0
566,19,F,1,2,6.6,8.3,4.8,3019,medio,0,0,0
567,21,F,14,20,8.3,9.8,6.5,2291,fundamental,0,0,0
568,20,M,2,24,5.2,8.5,4.1,2571,superior,1,1,0
569,17,F,12,19,6.6,3.2,9.0,2810,fundamental,0,1,0
570,21,M,2,16,9.0,7.2,7.1,3411,medio,0,1,0
571,21,F,0,19,6.3,7.9,4.8,3359,medio,0,1,0
572,17,M,5,21,5.5,8.8,5.4,2012,superior,0,1,0
573,20,F,7,20,6.8,3.4,6.7,1943,medio,1,1,0
574,18,F,11,0,8.0,6.4,5.1,904,superior,1,1,0
575,21,F,2,19,6.1,6.7,5.6,3521,superior,0,1,0
576,17,F,4,5,9.6,4.2,7.2,1606,medio,0,0,0
577,19,M,0,14,5.1,5.3,9.0,1864,medio,1,1,0
578,17,F,9,13,6.3,6.1,6.4,1688,fundamental,1,1,0
579,19,F,6,19,8.3,8.8,8.3,3723,fundamental,1,0,0
580,20,M,9,14,7.8,9.5,9.3,3524,superior,1,1,0
581,18,F,12,13,9.0,7.4,5.3,1120,fundamental,1,0,0
582,17,M,0,24,10.0,5.8,8.8,3182,superior,0,1,0
583,22,F,11,20,6.0,4.8,8.5,3111,medio,0,1,0
584,21,F,10,23,3.8,9.9,6.1,3712,medio,1,0,0
585,20,F,8,24,3.2,9.9,9.9,2300,fundamental,1,0,0
586,17,M,7,4,8.1,9.5,5.6,3199,superior,0,1,1
587,21,F,6,5,9.1,8.5,5.5,2368,superior,1,0,1
588,17,F,9,16,4.5,5.3,8.6,2596,fundamental,1,1,0
589,19,F,14,10,4.1,8.7,6.6,2319,superior,0,1,0
590,17,M,6,15,3.4,5.9,6.0,2718,superior,0,1,0
591,22,M,4,11,8.8,5.3,5.1,2665,medio,0,1,0
592,17,F,4,14,5.2,8.2,8.6,2205,superior,0,1,0
593,17,M,10,22,5.8,3.6,8.7,3523,superior,1,1,0
594,22,F,12,3,6.5,3.3,7.4,2304,superior,0,0,0
595,20,F,4,17,8.9,6.1,9.7,3766,fundamental,1,0,0
596,17,F,0,20,7.6,6.1,5.9,2759,fundamental,1,0,0
597,22,F,7,2,7.3,9.3,5.3,804,fundamental,1,1,1
598,21,F,11,21,4.2,3.9,8.1,2881,superior,1,0,0
599,19,F,10,7,6.6,3.9,8.6,1968,superior,0,1,0
600,19,F,0,22,8.0,4.0,5.3,3198,fundamental,1,0,0
601,17,M,3,2,9.8,3.2,4.5,3430,fundamental,1,1,0
602,20,M,14,7,4.4,3.5,8.9,3312,superior,1,1,0
603,20,M,8,17,3.1,7.6,9.9,1147,superior,0,1,0
604,21,M,13,9,3.5,6.0,7.9,2565,medio,0,1,0
605,17,M,8,24,5.6,8.3,5.7,924,fundamental,0,1,0
606,19,M,4,19,8.7,9.9,10.0,2613,superior,0,0,0
607,20,M,3,16,3.0,7.6,9.4,3204,fundamental,0,1,0
608,17,F,2,7,6.2,3.4,7.1,3374,fundamental,1,0,0
609,20,F,2,22,5.3,3.7,9.0,1297,fundamental,0,1,0
610,22,F,11,10,3.4,9.2,8.9,1976,medio,1,1,0
611,20,F,4,4,6.2,6.7,9.6,852,superior,0,1,0
612,19,M,9,12,4.8,8.8,9.0,948,superior,1,0,0
613,18,M,0,20,5.5,9.0,7.9,1302,fundamental,0,1,0
614,21,F,4,22,7.9,9.5,7.7,1669,superior,1,0,0
615,21,F,5,4,6.7,9.6,6.8,1018,medio,0,1,1
616,19,M,6,23,3.9,6.9,7.8,2100,fundamental,1,0,0
617,20,F,11,12,9.7,5.4,8.8,3299,medio,1,0,0
618,17,F,8,5,7.5,9.7,9.8,2930,medio,1,0,1
619,20,F,2,4,8.4,6.8,6.8,1537,superior,1,1,0
620,19,F,14,8,3.6,3.4,7.4,3374,superior,1,1,0
621,21,M,1,15,3.3,7.5,6.7,3251,medio,1,0,0
622,20,F,13,1,3.1,7.1,8.0,1089,superior,0,1,0
623,21,F,2,0,4.3,9.3,7.8,3267,medio,0,1,0
624,17,M,11,7,5.9,7.6,4.1,1138,medio,1,1,0
625,21,M,8,18,9.6,5.4,7.2,3624,fundamental,1,0,0
626,21,F,11,10,6.2,9.8,4.5,3558,medio,1,0,0
627,18,M,6,11,5.0,8.6,4.2,2493,medio,1,1,0
628,18,F,8,11,6.9,7.4,8.7,2668,superior,1,0,0
629,22,F,12,6,3.8,5.1,5.6,1786,fundamental,1,1,0
630,18,M,1,12,7.3,5.6,6.0,1758,superior,1,1,0
631,21,F,4,7,7.0,7.7,4.4,2030,fundamental,0,0,0
632,19,F,12,21,8.5,3.5,5.1,3533,superior,1,0,0
633,21,F,3,8,9.9,4.8,8.6,2088,medio,1,1,0
634,19,F,14,6,4.8,8.0,7.0,2806,fundamental,0,1,1
635,19,M,1,20,6.6,6.4,9.3,3907,fundamental,0,1,0
636,18,M,8,23,9.4,5.8,6.4,1172,fundamental,1,0,0
637,20,F,8,14,8.5,4.1,5.6,2311,fundamental,0,0,0
638,17,M,5,1,6.4,6.1,6.1,3841,superior,0,1,0
639,18,F,10,22,9.6,8.4,8.3,1330,superior,0,1,0
640,18,F,5,19,3.4,4.8,7.3,1723,fundamental,1,0,0
641,20,F,7,24,9.5,3.0,9.4,822,fundamental,1,1,0
642,17,F,5,11,3.4,7.7,7.6,2951,fundamental,0,0,0
643,21,F,0,0,6.8,9.8,7.0,1040,superior,1,0,0
644,22,M,3,22,9.2,7.2,8.7,1804,fundamental,1,1,0
645,22,F,12,21,4.8,3.8,9.7,3750,fundamental,1,1,0
646,21,M,6,7,6.3,5.2,6.1,2696,fundamental,0,0,0
647,18,M,12,4,5.3,9.1,5.5,1965,superior,0,1,1
648,17,F,12,14,9.7,4.6,7.7,1613,medio,0,0,0
649,18,F,1,0,8.8,7.3,7.0,1454,medio,0,0,0
650,19,F,8,0,8.0,5.8,9.9,1582,superior,1,0,1
651,18,F,7,24,7.1,4.5,6.8,3154,medio,1,1,0
652,18,F,7,9,8.7,8.7,4.4,807,fundamental,1,1,1
653,21,M,6,21,5.7,8.2,9.9,3940,fundamental,0,1,0
654,21,F,3,9,6.1,7.6,9.1,2514,superior,0,0,0
655,21,F,1,20,8.1,4.7,5.1,1374,superior,1,0,0
656,22,M,2,14,5.5,3.7,9.4,3939,medio,0,0,0
657,19,M,11,16,3.4,7.0,6.0,1711,medio,0,0,0
658,21,F,5,21,3.5,6.9,6.3,1317,fundamental,1,1,0
659,17,M,11,5,3.8,4.3,9.4,3990,superior,0,1,0
660,22,F,11,2,9.1,3.4,7.2,3902,medio,0,1,1
661,20,M,4,12,6.3,3.6,4.8,2341,medio,1,0,0
662,17,M,11,15,8.0,9.9,6.2,1282,fundamental,0,0,0
663,17,F,7,7,5.8,8.5,8.3,3054,fundamental,1,1,1
664,21,M,5,14,4.8,9.5,5.0,3516,fundamental,1,0,0
665,20,M,5,16,5.4,4.4,7.5,1378,fundamental,0,1,0
666,20,M,0,16,8.6,9.7,8.2,1186,medio,1,0,0
667,22,M,3,21,7.4,4.0,6.1,1211,superior,0,0,0
668,20,M,4,12,9.6,6.6,8.2,2665,superior,0,0,0
669,19,M,11,16,7.8,8.8,9.3,2193,fundamental,0,0,0
670,21,F,10,5,7.0,5.4,6.8,2176,fundamental,0,0,0
671,20,F,2,16,7.3,6.0,6.3,2767,medio,0,1,0
672,22,M,12,15,9.6,3.9,5.5,2159,fundamental,0,1,0
673,19,F,8,13,8.5,3.9,7.6,3738,superior,0,1,0
674,18,F,0,12,3.2,7.3,9.3,1705,fundamental,0,0,0
675,18,F,5,5,6.7,7.7,5.9,2112,superior,0,1,1
676,19,M,5,2,7.8,8.4,6.4,1762,fundamental,1,1,1
677,22,F,9,13,8.2,6.9,6.4,1764,fundamental,1,0,0
678,19,M,4,13,4.5,7.5,7.4,2987,superior,0,0,0
679,21,F,11,14,9.1,3.1,5.4,2776,medio,0,1,0
680,21,M,14,7,9.7,4.1,8.9,3147,medio,0,1,1
681,18,M,4,14,4.7,9.9,5.8,1836,fundamental,1,1,0
682,20,F,9,21,9.2,3.5,8.2,1463,fundamental,1,1,0
683,22,F,13,12,3.7,7.8,7.1,1624,superior,0,1,0
684,18,M,12,16,3.4,4.2,7.5,2687,superior,0,0,0
685,20,F,4,20,3.9,8.0,5.1,3247,fundamental,0,1,0
686,20,F,5,23,3.4,7.9,8.4,1791,superior,1,1,0
687,21,F,7,2,8.9,4.6,5.1,1932,medio,0,1,0
688,17,M,1,5,3.4,4.9,4.7,2996,medio,1,1,0
689,17,M,5,4,4.9,7.6,7.3,2539,superior,1,1,1
690,19,F,0,21,3.7,5.7,8.3,3154,superior,0,1,0
691,21,F,3,16,5.1,4.4,4.3,1883,superior,1,0,0
692,20,F,13,22,3.6,8.1,4.4,1234,medio,0,0,0
693,22,M,9,24,7.7,4.1,8.8,820,fundamental,1,0,0
694,17,M,2,1,3.9,9.0,8.9,3722,superior,1,1,0
695,20,F,8,14,9.0,6.6,5.5,3229,superior,0,1,0
696,17,F,2,4,8.7,3.7,7.7,3092,superior,0,0,0
697,17,F,14,19,3.1,7.9,6.7,2725,fundamental,1,1,0
698,17,F,5,5,9.3,6.6,7.8,3944,superior,1,1,1
699,22,F,0,5,3.2,5.1,9.2,2272,superior,1,1,0
700,21,F,11,17,4.7,6.0,4.5,1899,medio,0,0,0
701,22,M,5,17,3.2,5.1,8.7,3545,superior,0,0,0
702,18,F,3,3,5.4,4.8,7.0,3437,medio,0,0,0
703,20,M,7,16,6.6,4.1,7.4,1189,fundamental,0,1,0
704,21,F,12,24,8.6,5.5,7.9,3415,superior,1,0,0
705,21,F,10,13,5.4,4.8,9.5,2154,superior,1,0,0
706,21,M,8,13,7.9,7.8,4.3,3106,medio,1,0,0
707,21,M,3,12,4.3,7.8,4.2,1225,fundamental,1,1,0
708,22,M,9,6,8.3,6.5,5.1,2525,fundamental,1,0,1
709,21,M,11,11,4.7,8.4,9.9,1829,medio,0,0,0
710,19,F,9,22,4.0,8.9,8.3,805,fundamental,0,1,0
711,20,M,5,14,4.3,7.1,7.7,990,fundamental,1,0,0
712,21,F,0,18,4.3,7.3,4.3,947,fundamental,1,1,0
713,20,M,3,10,6.6,5.0,9.3,1204,fundamental,1,1,0
714,19,F,6,14,8.9,9.3,8.9,1057,fundamental,1,0,0
715,19,F,11,11,3.6,3.2,8.0,3577,fundamental,1,0,0
716,20,F,14,2,7.9,5.4,6.0,2937,fundamental,1,0,0
717,17,F,0,16,7.6,8.1,4.4,1623,fundamental,1,1,0
718,18,F,7,2,9.1,3.6,7.5,809,superior,1,0,1
719,17,F,11,18,4.7,4.3,8.3,1910,medio,0,0,0
720,17,M,9,19,6.2,7.1,4.6,1637,fundamental,1,0,0
721,22,F,11,3,9.5,6.9,7.8,1787,medio,1,1,1
722,17,M,10,2,7.6,8.2,5.7,1424,fundamental,0,1,1
723,21,M,5,15,5.7,8.7,8.6,829,fundamental,0,1,0
724,22,F,4,11,3.9,3.9,7.2,2975,superior,1,0,0
725,22,M,9,7,4.8,3.1,4.8,3949,medio,0,0,0
726,19,F,10,23,7.1,7.8,7.2,3268,medio,0,1,0
727,17,M,14,16,8.0,5.1,6.4,1878,superior,1,0,0
728,19,F,13,6,3.9,7.4,5.1,3152,superior,0,0,0
729,20,M,8,10,7.2,4.1,9.0,1345,medio,1,1,0
730,18,F,1,17,6.9,6.3,4.1,1928,fundamental,1,1,0
731,22,F,4,0,6.6,6.5,5.9,1995,fundamental,1,1,0
732,20,F,5,2,7.8,7.1,4.1,2322,medio,0,0,0
733,20,F,6,3,8.9,6.6,4.6,2869,fundamental,0,0,1
734,21,M,4,12,5.3,6.5,5.8,3238,superior,1,0,0
735,18,F,8,5,9.2,5.3,4.3,1416,superior,1,1,0
736,20,M,0,13,4.1,3.5,7.6,948,superior,0,1,0
737,20,M,6,4,4.2,3.6,4.5,2611,medio,1,0,0
738,18,M,9,15,4.9,6.0,8.2,3146,medio,0,1,0
739,18,F,6,14,3.8,5.5,4.3,971,medio,0,1,0
740,20,M,3,14,4.6,6.6,4.4,846,fundamental,0,0,0
741,18,M,8,3,3.7,5.1,5.8,1425,medio,0,1,0
742,20,M,13,7,8.8,7.8,9.4,2610,medio,0,0,1
743,20,F,11,15,4.0,9.0,7.8,3054,superior,0,1,0
744,21,F,10,15,8.2,5.1,8.6,1252,fundamental,1,0,0
745,17,M,4,3,3.3,4.4,4.8,2218,fundamental,1,1,0
746,20,F,3,12,9.6,3.8,9.0,3772,superior,0,0,0
747,19,F,12,12,8.0,7.3,4.0,1553,fundamental,0,1,0
748,22,M,6,1,3.0,6.1,5.3,3555,medio,1,1,0
749,17,M,3,2,8.3,4.3,7.7,1808,fundamental,1,1,0
750,17,F,14,21,6.6,7.6,6.3,3523,superior,1,1,0
751,17,M,2,7,8.5,4.0,9.9,3702,fundamental,1,1,0
752,21,F,8,23,6.7,6.9,4.2,3630,superior,1,0,0
753,20,F,10,14,7.5,6.7,10.0,1933,medio,1,0,0
754,21,F,7,10,8.5,8.1,7.7,3531,medio,1,0,0
755,20,F,0,8,5.8,3.4,7.4,3810,superior,1,1,0
756,21,F,6,6,3.0,9.2,4.4,3711,medio,0,0,0
757,21,F,8,12,8.9,7.9,5.6,2025,medio,1,1,0
758,22,M,7,1,5.7,4.5,9.5,967,fundamental,0,1,1
759,19,M,7,7,6.5,4.3,6.1,885,medio,1,0,0
760,21,F,12,6,3.1,6.0,8.0,2477,superior,1,0,0
761,22,F,5,23,6.4,8.7,10.0,2782,medio,1,1,0
762,18,F,10,11,9.9,8.9,5.6,1648,fundamental,1,1,0
763,19,M,3,18,4.9,6.6,7.5,3922,superior,1,0,0
764,21,F,7,6,5.8,9.0,8.2,3983,medio,0,0,1
765,17,M,2,9,7.8,3.0,5.0,2286,medio,1,1,0
766,18,F,12,24,8.7,3.2,4.9,1241,medio,0,1,0
767,18,F,8,15,5.9,9.4,6.7,1070,superior,0,0,0
768,22,M,12,2,5.2,8.4,6.3,2400,fundamental,1,1,1
769,18,M,1,9,9.6,6.2,8.3,1143,superior,0,1,0
770,19,F,1,5,7.7,8.3,4.4,2006,superior,1,0,0
771,21,F,11,17,3.8,9.7,9.8,3350,fundamental,1,0,0
772,21,F,12,17,3.5,8.4,4.1,3881,superior,1,1,0
773,17,M,14,4,6.4,8.9,7.6,3341,superior,0,1,1
774,22,M,11,20,4.5,8.3,7.4,2057,medio,1,0,0
775,17,M,6,6,4.8,4.2,4.8,3091,superior,0,1,0
776,18,M,11,1,9.1,8.8,4.9,2332,medio,1,0,1
777,17,M,9,10,3.6,4.4,8.8,1066,superior,1,1,0
778,19,M,3,12,8.0,9.2,9.3,2453,medio,0,0,0
779,21,F,9,22,4.9,6.2,5.7,1692,medio,0,1,0
780,18,F,7,4,8.3,7.7,6.6,3048,medio,0,1,1
781,17,M,8,5,8.1,6.5,6.1,1038,fundamental,0,1,1
782,22,F,6,23,3.1,3.7,4.4,1714,superior,0,0,0
783,19,F,4,13,6.6,5.0,8.0,2238,superior,0,0,0
784,19,M,7,11,4.0,9.9,9.0,3816,superior,1,0,0
785,17,F,3,3,9.1,9.7,5.8,3331,fundamental,0,1,0
786,21,M,1,22,9.1,5.2,9.9,2260,medio,1,1,0
787,17,M,10,5,5.9,10.0,4.5,3093,superior,1,0,1
788,18,F,14,9,6.1,8.9,8.0,2681,fundamental,1,0,1
789,17,M,11,17,5.1,7.3,6.7,3879,fundamental,1,1,0
790,19,M,5,14,8.0,3.3,6.7,2999,superior,1,1,0
791,17,M,8,7,5.5,9.3,6.7,2215,medio,0,1,1
792,21,M,0,8,4.9,6.9,5.6,3058,fundamental,1,1,0
793,22,M,10,4,6.0,9.1,8.3,1166,superior,1,0,1
794,20,M,9,9,3.6,8.8,8.3,3791,medio,1,0,1
795,17,M,11,19,8.2,8.8,5.7,2393,fundamental,0,1,0
796,21,M,6,5,3.1,7.9,9.0,885,fundamental,0,1,1
797,21,F,9,15,7.5,5.0,5.9,3926,superior,0,1,0
798,22,F,8,23,4.3,5.4,8.4,2536,superior,0,0,0
799,19,F,9,2,4.6,5.2,4.7,2457,medio,1,0,0
800,21,M,8,9,7.4,3.1,5.0,2841,superior,0,1,0
801,21,M,9,10,10.0,7.1,5.9,3293,superior,1,1,0
802,21,F,10,10,8.4,7.9,7.6,1419,medio,0,1,0
803,21,F,12,16,4.6,9.0,7.9,3151,superior,0,1,0
804,18,F,2,3,4.2,4.0,6.4,931,medio,0,1,0
805,18,M,10,3,9.1,6.8,4.5,1703,medio,0,1,1
806,19,F,12,16,6.1,3.1,6.2,1787,medio,1,0,0
807,17,F,4,8,4.0,3.7,8.1,2021,superior,0,0,0
808,21,M,7,18,9.0,3.4,8.0,2894,medio,1,0,0
809,22,F,7,4,8.7,8.1,5.0,2563,superior,1,1,1
810,17,M,3,21,9.9,3.6,4.0,3604,medio,1,1,0
811,22,M,14,23,9.4,8.0,8.5,2026,superior,1,1,0
812,17,M,14,5,9.0,4.7,4.6,2084,medio,1,0,0
813,19,F,11,2,3.4,9.1,4.5,1489,fundamental,1,1,0
814,21,F,10,21,3.7,8.7,4.0,1847,fundamental,1,0,0
815,21,M,10,0,7.0,9.7,6.6,1486,fundamental,0,1,1
816,20,F,0,19,6.7,9.2,7.0,1585,medio,1,1,0
817,22,F,0,21,6.2,9.5,7.8,1139,superior,0,1,0
818,17,F,14,15,5.8,9.0,5.8,1211,medio,0,0,0
819,17,F,3,22,6.0,7.9,8.3,2796,medio,1,0,0
820,18,M,5,10,7.0,4.2,5.0,1085,medio,1,0,0
821,20,F,7,12,3.0,4.9,9.0,1909,medio,0,1,0
822,18,M,5,9,4.8,4.5,7.4,1649,superior,0,0,0
823,18,M,11,2,6.6,7.2,7.5,1229,medio,1,1,1
824,18,F,8,8,8.1,6.5,5.3,2404,fundamental,1,1,1
825,22,M,14,11,4.2,9.1,4.4,830,fundamental,0,0,0
826,22,F,14,22,6.8,9.7,6.8,1402,fundamental,0,0,0
827,19,F,8,13,8.0,5.8,7.7,1239,medio,1,1,0
828,19,M,13,0,6.1,6.5,4.6,1784,superior,0,1,0
829,18,M,1,17,3.2,9.8,9.7,2172,superior,0,1,0
830,20,M,9,16,6.1,4.9,9.9,2718,superior,1,1,0
831,17,M,0,8,5.1,8.5,7.3,1211,medio,0,0,0
832,22,F,1,8,9.5,4.6,9.7,1327,superior,1,0,0
833,20,F,4,22,3.9,7.8,5.1,1109,fundamental,1,0,0
834,21,F,3,9,7.6,4.8,4.2,3796,superior,1,1,0
835,22,M,3,18,3.4,9.2,4.2,2611,medio,0,1,0
836,22,M,8,14,6.1,6.9,7.5,2161,medio,1,1,0
837,19,M,10,4,6.9,4.3,4.4,3521,superior,0,0,0
838,17,F,7,14,5.1,4.6,9.8,2838,medio,1,1,0
839,17,M,5,19,6.2,6.5,4.9,3284,superior,1,1,0
840,21,F,0,22,4.1,9.7,5.8,1503,superior,0,0,0
841,21,M,1,24,5.1,8.4,8.9,1462,fundamental,0,0,0
842,22,F,5,1,7.3,6.4,5.3,1164,medio,0,1,0
843,18,F,10,12,5.1,5.4,5.5,1722,fundamental,1,0,0
844,19,M,1,23,9.3,6.8,7.9,2960,medio,0,1,0
845,19,M,14,15,7.4,8.2,5.7,975,superior,1,0,0
846,22,F,12,14,6.1,8.5,5.3,1972,medio,0,1,0
847,20,F,9,24,3.3,5.3,5.5,2001,superior,1,0,0
848,18,M,4,9,6.5,8.0,6.9,1735,medio,1,0,0
849,22,M,13,13,8.4,7.6,9.8,1181,fundamental,1,0,0
850,18,F,4,9,4.9,9.7,9.0,2082,fundamental,1,0,0
851,18,M,5,24,8.6,9.5,5.7,2012,superior,0,1,0
852,18,F,5,13,4.8,8.5,6.2,1105,fundamental,0,1,0
853,22,F,13,22,8.8,8.1,6.8,2201,superior,1,0,0
854,19,M,5,8,3.6,4.9,9.9,1401,superior,1,1,0
855,19,M,13,24,9.1,8.9,5.0,3190,superior,0,0,0
856,18,M,1,13,6.5,6.0,6.1,3003,medio,0,0,0
857,20,M,13,2,5.1,4.9,8.4,1511,superior,0,1,0
858,17,M,9,19,4.9,5.7,9.8,3926,fundamental,0,1,0
859,22,F,13,15,6.0,8.9,4.9,2265,medio,0,1,0
860,17,F,12,1,10.0,4.0,5.4,1202,fundamental,0,1,0
861,20,M,14,9,4.5,6.2,5.4,1413,superior,1,1,0
862,22,M,13,2,3.7,6.4,4.1,3644,superior,0,1,0
863,18,M,2,10,7.1,3.3,7.6,3470,fundamental,0,1,0
864,19,F,13,10,6.4,4.4,8.0,2601,medio,1,0,0
865,17,M,5,20,6.7,8.8,7.6,3450,fundamental,0,1,0
866,21,M,12,20,7.7,8.8,4.4,976,superior,0,0,0
867,21,F,7,21,4.9,5.0,4.4,1248,medio,0,1,0
868,20,F,11,12,9.4,9.1,5.3,1542,superior,1,1,0
869,18,M,12,6,6.0,8.4,5.7,2364,superior,0,0,1
870,17,M,10,22,3.9,5.9,8.7,2778,fundamental,1,0,0
871,18,M,11,16,8.2,8.2,5.0,3148,superior,0,0,0
872,17,F,0,1,7.5,9.7,4.3,3554,fundamental,1,0,0
873,20,M,0,11,5.2,6.2,6.4,1106,medio,0,1,0
874,20,M,10,24,7.4,4.7,6.5,1550,superior,0,1,0
875,21,M,12,9,4.5,9.6,6.7,1668,superior,0,0,1
876,18,F,1,17,6.1,7.2,9.0,1013,medio,1,0,0
877,22,F,10,21,9.3,3.7,4.6,2417,fundamental,0,1,0
878,21,M,14,10,3.9,7.0,8.2,2463,superior,0,1,0
879,18,M,11,15,5.7,6.5,6.0,3330,medio,1,0,0
880,21,F,11,16,8.7,9.0,5.9,3938,superior,1,1,0
881,22,F,5,18,9.8,6.7,9.6,2397,fundamental,1,1,0
882,19,F,8,17,6.2,4.8,5.5,2980,fundamental,0,0,0
883,19,F,3,2,6.5,7.7,7.9,2472,fundamental,1,0,0
884,19,F,2,20,7.0,6.8,5.7,1311,fundamental,0,0,0
885,19,F,11,15,9.5,4.6,7.0,3058,medio,1,0,0
886,17,F,7,5,9.0,7.0,8.7,3835,superior,1,1,1
887,19,F,10,24,4.2,8.8,9.3,1786,medio,0,0,0
888,22,F,9,11,6.1,3.2,9.0,3564,fundamental,0,1,0
889,20,M,13,10,6.2,7.4,7.5,1052,fundamental,0,1,0
890,20,M,8,14,8.5,5.4,5.5,837,fundamental,0,1,0
891,17,M,11,14,7.2,5.0,8.0,3914,fundamental,1,1,0
892,19,F,10,15,7.6,5.7,8.3,1428,superior,1,0,0
893,19,M,4,9,10.0,5.4,4.1,1786,fundamental,1,1,0
894,19,F,8,11,3.5,8.8,6.6,2525,superior,0,0,0
895,21,F,1,12,4.6,4.9,9.1,2893,fundamental,0,1,0
896,18,M,2,3,5.9,8.1,6.9,2277,superior,1,0,0
897,21,F,6,6,5.4,3.7,5.9,2501,superior,1,1,0
898,18,M,6,21,3.2,9.7,9.2,1104,fundamental,0,1,0
899,19,M,5,1,3.6,7.4,4.9,2538,medio,1,0,0
900,19,M,5,14,7.8,7.9,5.2,3080,medio,1,0,0
901,21,F,1,7,9.2,5.1,8.1,1044,medio,1,0,0
902,21,M,9,6,6.6,5.9,6.1,2544,medio,0,0,0
903,18,F,5,14,6.8,4.6,8.3,3607,medio,1,1,0
904,20,M,3,22,4.8,9.5,4.9,3686,fundamental,0,1,0
905,18,M,11,13,8.4,6.4,5.5,3005,fundamental,1,1,0
906,21,M,2,7,8.3,7.4,4.9,1824,fundamental,0,1,0
907,22,F,12,11,7.1,8.1,9.7,1016,fundamental,1,1,0
908,21,F,10,12,4.5,5.6,6.4,3775,fundamental,1,0,0
909,22,F,12,10,3.7,8.0,6.0,1306,fundamental,1,0,0
910,17,M,1,16,3.4,7.7,4.1,1560,superior,0,1,0
911,21,M,0,16,7.1,7.9,4.9,3751,superior,1,0,0
912,17,F,10,23,8.8,6.4,6.5,3428,fundamental,1,1,0
913,20,F,10,3,9.0,5.7,4.4,1853,fundamental,0,1,0
914,18,F,4,20,6.2,4.6,7.1,3474,superior,0,0,0
915,22,F,1,7,8.5,8.8,6.7,3367,superior,1,1,0
916,18,F,1,4,9.6,7.3,8.6,2704,fundamental,1,0,0
917,17,F,6,15,4.9,6.1,8.0,1074,superior,1,1,0
918,22,M,7,3,5.8,9.6,6.7,1291,medio,1,0,1
919,18,F,12,21,9.5,3.3,5.3,1626,medio,1,1,0
920,21,M,9,14,5.4,9.0,8.4,1750,medio,0,1,0
921,19,M,7,11,9.4,10.0,8.2,3773,superior,1,0,0
922,17,F,13,4,9.9,9.2,4.9,3694,fundamental,0,1,1
923,18,F,3,22,7.6,8.7,9.5,3907,fundamental,0,1,0
924,17,M,14,15,8.7,5.6,4.4,3915,fundamental,1,0,0
925,17,F,13,13,8.2,4.6,4.3,1978,superior,0,0,0
926,22,F,0,9,7.9,8.1,5.1,1900,superior,1,0,0
927,22,M,10,6,5.1,5.1,9.5,2436,medio,0,1,1
928,19,M,6,12,3.4,4.2,7.1,2255,superior,0,0,0
929,21,M,0,19,5.4,8.5,8.7,838,medio,1,0,0
930,17,F,10,4,7.7,5.2,5.4,3086,medio,1,0,0
931,18,M,3,2,3.7,9.4,6.9,3884,fundamental,0,1,0
932,20,F,7,14,3.1,8.9,6.1,2969,superior,1,0,0
933,17,M,1,3,4.0,8.9,9.0,943,fundamental,1,1,0
934,17,M,5,14,8.0,8.4,4.1,3531,fundamental,0,1,0
935,19,M,12,13,9.8,9.2,5.5,3302,superior,0,0,0
936,21,F,5,19,9.9,8.6,4.9,3215,superior,0,1,0
937,20,F,11,18,6.5,7.2,9.2,1558,medio,1,1,0
938,22,M,8,12,9.1,5.1,6.8,1046,medio,1,1,0
939,22,M,4,9,8.2,9.2,6.4,3770,medio,1,1,0
940,18,M,9,20,6.5,8.9,6.7,3916,medio,0,1,0
941,20,F,3,4,7.0,6.3,9.8,1564,fundamental,1,0,0
942,22,M,4,22,4.0,3.3,9.1,3222,fundamental,0,0,0
943,18,F,11,19,9.6,7.5,8.2,2114,superior,0,0,0
944,21,M,11,19,5.5,3.4,5.7,1006,medio,0,1,0
945,18,M,9,24,6.1,9.5,5.0,2818,medio,0,0,0
946,22,M,14,5,7.7,9.7,9.5,3366,medio,0,1,1
947,19,M,10,3,5.3,4.3,6.5,3089,fundamental,0,1,0
948,19,M,4,1,4.8,7.7,5.7,3985,superior,0,1,0
949,19,M,7,21,7.4,3.6,6.8,3666,fundamental,1,1,0
950,22,F,9,15,3.2,8.1,9.5,3149,superior,0,0,0
951,19,M,11,17,8.0,5.4,6.3,3967,superior,1,1,0
952,20,F,7,4,6.6,7.8,7.4,2117,fundamental,1,0,1
953,21,M,1,21,7.2,5.6,8.8,1500,fundamental,1,0,0
954,18,M,6,3,7.4,4.0,6.6,1087,superior,1,1,0
955,18,F,7,12,6.7,5.8,5.4,3001,fundamental,1,0,0
956,22,M,10,18,7.1,3.8,10.0,2393,fundamental,0,0,0
957,19,F,5,22,7.8,7.0,9.7,3270,superior,1,0,0
958,19,F,4,1,8.3,3.3,9.1,1649,superior,1,1,0
959,17,M,10,12,8.1,6.7,8.1,849,medio,1,1,0
960,21,F,8,10,9.1,9.2,5.8,2030,fundamental,0,1,0
961,20,F,12,21,4.3,8.9,9.5,3411,superior,1,0,0
962,18,M,2,3,5.8,9.2,5.7,3701,fundamental,1,0,0
963,17,F,11,21,9.6,9.5,8.8,3730,fundamental,1,1,0
964,17,M,12,19,5.8,3.7,9.5,3509,superior,1,1,0
965,22,M,12,19,3.9,3.9,7.6,3412,medio,0,0,0
966,18,M,9,14,6.7,6.9,8.8,3060,superior,1,1,0
967,22,M,3,3,3.8,9.3,8.8,3937,superior,0,1,0
968,20,F,8,8,4.4,9.8,5.2,2708,fundamental,0,0,0
969,17,M,5,6,10.0,3.3,8.0,3658,medio,1,0,1
970,17,M,7,18,6.8,5.5,4.6,3697,superior,1,1,0
971,21,F,6,18,5.0,4.5,7.0,2486,fundamental,0,1,0
972,20,M,10,5,10.0,8.3,5.0,2540,superior,1,1,1
973,17,M,1,5,9.8,7.5,6.5,2143,fundamental,1,1,0
974,20,F,2,19,6.1,3.8,9.0,2590,superior,1,0,0
975,18,F,0,14,4.8,6.4,9.9,3728,medio,0,1,0
976,19,F,8,14,8.9,7.8,5.9,2760,superior,0,1,0
977,17,F,12,24,8.0,8.5,7.2,1888,fundamental,1,0,0
978,21,F,6,19,7.8,3.1,7.1,1955,superior,1,0,0
979,18,F,0,8,9.3,9.2,9.7,3181,medio,0,0,0
980,20,F,2,3,7.8,7.0,6.9,831,medio,0,0,0
981,22,M,3,17,5.0,8.7,8.2,1667,medio,0,0,0
982,18,F,3,17,7.9,8.7,9.5,3745,medio,0,0,0
983,17,F,4,4,5.1,4.3,6.2,2066,fundamental,0,0,0
984,20,F,13,19,8.3,3.8,9.4,2015,superior,0,1,0
985,19,M,2,22,7.3,8.0,9.5,1965,medio,0,1,0
986,18,M,2,10,3.5,4.1,9.6,2483,superior,1,0,0
987,17,F,0,4,6.6,8.9,5.6,1400,fundamental,0,1,0
988,21,F,6,21,5.4,8.1,6.4,2825,superior,0,1,0
989,22,F,10,3,5.3,8.9,9.2,2384,superior,1,0,1
990,20,M,9,11,7.2,5.1,6.2,1787,medio,1,0,0
991,18,M,13,1,5.3,5.2,7.6,2014,medio,1,0,0
992,18,F,0,12,8.4,7.7,4.7,2765,fundamental,0,0,0
993,19,M,1,9,3.5,3.2,4.3,3446,superior,0,0,0
994,19,F,12,8,7.6,8.1,6.5,2239,fundamental,1,1,1
995,21,M,3,9,8.7,8.9,7.5,1319,fundamental,1,1,0
996,22,M,12,6,7.7,5.9,6.4,2558,fundamental,1,0,1
997,21,F,3,3,6.5,8.4,7.5,1668,medio,0,0,0
998,17,F,4,18,9.7,4.2,7.1,2863,medio,1,1,0
999,17,F,10,9,5.1,5.3,8.1,2631,superior,0,1,0
1000,21,F,1,2,3.1,9.8,7.9,1929,superior,0,1,0
1001,22,M,3,24,6.0,9.9,6.5,1082,superior,0,0,0
1002,21,M,0,20,3.2,6.6,6.5,3975,medio,0,0,0
1003,22,M,1,18,9.7,9.5,4.8,1160,medio,1,1,0
1004,22,F,0,20,4.5,6.7,7.1,1858,fundamental,1,0,0
1005,20,M,9,1,8.5,5.0,7.5,2960,medio,1,1,1
1006,22,F,9,19,8.4,4.9,6.9,3155,fundamental,0,0,0
1007,19,M,12,9,4.5,9.5,6.0,2734,fundamental,1,0,1
1008,22,F,3,1,7.3,4.2,8.3,1758,medio,0,1,0
1009,22,F,3,1,3.3,7.1,4.4,1876,fundamental,0,1,0
1010,22,M,6,23,6.4,6.9,9.5,1904,fundamental,0,0,0
1011,17,F,9,16,3.1,8.2,4.1,2439,superior,1,1,0
1012,19,F,10,15,9.4,6.5,9.8,3681,fundamental,0,0,0
1013,19,M,10,15,9.8,4.9,6.8,2192,medio,0,1,0
1014,21,F,8,13,4.6,4.2,6.5,3089,medio,1,1,0
1015,20,F,8,6,4.5,7.3,5.5,830,fundamental,1,0,0
1016,22,F,4,20,8.3,8.0,4.1,1503,superior,1,0,0
1017,18,M,9,10,4.8,7.0,5.6,1668,medio,0,0,0
1018,20,M,0,23,9.3,8.2,4.7,2184,medio,0,1,0
1019,20,F,0,0,7.0,4.0,8.0,1032,superior,1,1,0
1020,19,M,5,10,5.5,9.2,5.9,1857,fundamental,0,0,0
1021,20,F,1,22,8.8,7.1,8.6,2066,medio,0,1,0
1022,22,F,7,20,6.5,3.9,5.2,1750,fundamental,1,0,0
1023,22,F,12,3,9.4,6.2,9.4,858,fundamental,1,0,1
1024,17,F,8,6,9.5,8.9,7.1,3618,fundamental,1,0,1
1025,22,F,12,14,4.2,9.3,4.7,3949,fundamental,1,0,0
1026,22,M,3,17,3.0,4.9,6.4,3565,medio,1,0,0
1027,19,F,4,11,9.9,8.0,5.2,1101,superior,1,1,0
1028,22,M,10,16,9.3,3.7,5.2,3650,medio,1,1,0
1029,17,M,7,0,3.4,3.2,7.0,3744,superior,1,0,0
1030,18,F,2,10,8.8,6.9,8.0,2845,fundamental,0,1,0
1031,19,F,4,0,6.2,7.9,9.5,2959,superior,0,0,0
1032,18,M,2,14,4.8,8.6,7.0,2723,fundamental,0,1,0
1033,19,M,11,20,9.2,5.4,9.8,1116,medio,0,1,0
1034,21,M,9,9,4.4,3.0,9.6,2688,medio,0,0,0
1035,20,F,2,6,9.6,6.4,9.2,1968,superior,0,1,0
1036,21,M,2,1,4.4,3.1,7.0,3515,fundamental,0,0,0
1037,22,F,12,9,7.3,3.6,4.8,1489,fundamental,0,1,0
1038,18,F,11,23,4.6,5.3,5.3,2681,superior,0,0,0
1039,22,F,6,3,6.8,6.1,7.9,2753,fundamental,0,0,1
1040,20,M,14,11,7.8,5.0,6.5,817,fundamental,0,0,0
1041,19,F,6,18,4.3,7.1,4.9,1978,fundamental,1,0,0
1042,20,F,6,10,6.6,3.4,6.9,2329,medio,0,0,0
1043,17,F,9,7,6.3,4.0,4.1,1577,medio,1,0,0
1044,20,F,7,17,3.5,7.9,8.4,1159,medio,0,1,0
1045,17,F,4,10,8.7,4.0,4.4,1131,fundamental,1,0,0
1046,20,M,4,10,5.3,7.5,7.8,2741,medio,0,1,0
1047,17,F,13,12,7.0,3.4,8.8,1327,fundamental,1,0,0
1048,18,F,3,2,6.6,5.9,4.8,2859,fundamental,0,1,0
1049,22,M,6,11,6.6,4.2,7.1,1898,superior,1,0,0
1050,22,F,9,2,3.8,3.8,8.7,1011,fundamental,0,0,0
1051,21,M,3,9,6.0,7.0,5.6,2514,medio,1,1,0
1052,22,F,14,16,6.2,9.5,5.0,3488,medio,0,0,0
1053,19,M,1,21,8.1,3.4,6.0,3130,fundamental,1,0,0
1054,20,M,3,1,8.9,6.0,7.3,3627,medio,1,0,0
1055,21,F,12,16,6.8,8.0,7.5,1853,fundamental,1,0,0
1056,19,F,12,15,3.6,6.2,4.8,1832,superior,1,1,0
1057,19,F,7,1,4.7,8.6,6.7,2132,fundamental,1,0,1
1058,17,M,8,21,4.2,4.3,5.6,2133,fundamental,1,1,0
1059,22,M,2,19,3.9,9.7,9.1,3524,superior,1,0,0
1060,18,M,6,5,5.6,5.7,5.9,3552,medio,1,0,0
1061,18,F,13,24,4.6,5.4,9.0,3273,superior,0,0,0
1062,21,M,11,9,4.5,9.1,6.6,2640,superior,0,0,1
1063,18,M,13,9,3.4,6.9,8.4,2595,fundamental,0,1,0
1064,20,F,8,7,3.1,6.6,7.1,2527,fundamental,1,0,0
1065,18,M,10,0,3.7,8.1,7.7,1390,superior,1,0,0
1066,21,M,3,12,4.2,7.1,6.4,2514,medio,0,0,0
1067,18,F,9,23,6.0,4.1,8.6,2938,superior,0,1,0
1068,20,M,14,8,6.6,7.7,6.6,1255,medio,1,1,1
1069,17,F,2,21,4.0,3.9,6.7,1243,superior,1,1,0
1070,21,F,4,9,6.0,8.6,7.1,878,superior,0,1,0
1071,17,F,0,14,5.4,9.9,9.0,2298,medio,1,0,0
1072,17,F,2,4,4.3,5.6,8.0,1726,superior,0,0,0
1073,17,F,14,21,3.0,6.1,6.1,2950,fundamental,1,1,0
1074,19,M,7,15,6.3,3.3,8.0,1422,superior,0,0,0
1075,22,M,10,12,7.8,3.1,7.9,2279,fundamental,0,0,0
1076,19,F,7,21,4.6,9.4,9.6,3837,medio,1,1,0
1077,22,F,14,24,3.9,3.9,9.0,1033,medio,0,0,0
1078,17,M,12,19,9.2,6.1,7.9,2417,fundamental,1,1,0
1079,21,F,3,17,4.9,8.7,6.0,3491,superior,1,1,0
1080,22,F,1,10,4.6,9.2,8.7,2830,fundamental,1,1,0
1081,20,F,12,8,9.0,6.6,7.5,3637,fundamental,1,1,1
1082,20,M,7,15,8.7,7.0,9.9,1186,medio,1,1,0
1083,18,M,7,1,6.1,7.7,5.5,3694,fundamental,0,1,0
1084,22,F,9,24,6.4,9.7,4.5,2434,superior,1,0,0
1085,21,F,3,1,4.5,7.2,4.4,837,fundamental,1,0,0
1086,19,M,2,11,3.5,6.9,7.8,1984,medio,0,0,0
1087,17,M,1,7,7.0,3.1,9.6,2285,superior,1,1,0
1088,18,F,8,8,3.7,3.6,4.0,2767,medio,0,1,0
1089,20,F,0,11,6.1,7.0,8.4,2272,fundamental,1,1,0
1090,19,M,6,8,9.6,9.6,7.9,3988,fundamental,0,0,1
1091,19,M,4,9,9.7,9.1,8.4,1040,medio,1,0,0
1092,17,M,7,24,4.7,9.9,6.1,1849,medio,1,1,0
1093,22,F,3,1,7.4,6.7,8.9,2471,superior,1,1,0
1094,20,M,6,15,6.3,8.5,4.3,1361,medio,1,1,0
1095,21,F,12,19,9.1,8.9,8.5,2799,medio,1,1,0
1096,19,M,4,6,4.9,7.5,5.6,1605,fundamental,0,1,0
1097,17,M,14,1,3.0,5.4,6.9,2729,fundamental,0,0,0
1098,21,M,13,0,4.1,6.3,8.9,3145,medio,1,1,0
1099,22,M,4,18,5.4,9.0,5.6,1604,medio,0,1,0
1100,20,F,13,3,5.2,5.1,5.1,3001,fundamental,1,1,0
1101,22,F,8,23,8.5,9.5,8.1,3579,superior,1,1,0
1102,19,M,8,21,7.8,4.6,7.2,2475,superior,1,0,0
1103,21,F,12,1,5.1,8.2,7.1,3315,superior,0,1,1
1104,21,M,8,24,6.2,7.4,5.5,2896,superior,1,1,0
1105,21,M,11,13,3.7,8.2,4.2,2477,fundamental,0,1,0
1106,19,M,5,1,9.3,6.1,6.5,845,medio,1,0,1
1107,19,M,5,14,9.5,9.5,4.6,3627,superior,1,1,0
1108,22,F,4,11,9.9,7.4,9.4,2451,fundamental,0,0,0
1109,18,M,8,4,9.1,5.0,4.2,881,medio,1,1,0
1110,22,M,9,19,4.2,7.5,6.6,3915,superior,0,1,0
1111,20,F,7,6,3.3,5.0,4.3,3802,medio,1,1,0
1112,17,M,6,23,7.1,5.1,4.6,3120,superior,1,1,0
1113,21,M,6,20,9.4,5.8,8.0,3241,medio,1,1,0
1114,18,M,5,9,4.2,9.0,7.9,2609,superior,0,1,1
1115,17,F,4,13,3.0,6.5,4.2,1589,superior,1,1,0
1116,18,M,12,13,8.6,7.8,4.0,1394,medio,0,1,0
1117,22,F,3,4,3.5,5.7,4.5,2905,medio,1,1,0
1118,19,M,2,17,5.9,4.8,8.6,3412,medio,1,0,0
1119,21,M,2,23,7.8,9.7,7.5,800,fundamental,0,0,0
1120,22,F,5,13,4.7,7.2,4.2,3063,fundamental,1,0,0
1121,17,M,14,1,3.6,9.5,6.9,2296,medio,1,0,1
1122,17,M,3,11,8.4,4.4,8.3,1565,fundamental,0,1,0
1123,17,F,11,21,7.4,4.0,9.2,1470,superior,0,1,0
1124,17,F,11,23,9.9,9.0,9.6,3358,medio,0,0,0
1125,17,F,5,5,5.4,7.8,6.0,2401,fundamental,1,0,0
1126,18,F,2,3,3.4,4.3,4.8,1714,medio,0,0,0
1127,22,F,14,12,8.1,4.9,5.4,2644,superior,0,0,0
1128,21,M,3,3,6.7,8.6,8.7,2795,superior,1,1,0
1129,19,F,14,21,4.5,6.2,9.8,894,fundamental,0,0,0
1130,19,M,8,13,8.5,7.7,6.8,1292,superior,0,1,0
1131,22,M,4,15,4.4,5.2,5.8,3612,medio,1,1,0
1132,22,M,12,3,4.8,5.7,6.6,3869,fundamental,0,1,0
1133,19,F,6,23,3.6,9.9,5.8,949,medio,1,0,0
1134,19,F,9,24,5.8,4.7,5.5,1846,medio,0,0,0
1135,18,M,1,0,5.9,6.5,7.6,3603,medio,0,1,0
1136,20,F,13,12,6.6,8.9,4.1,2038,superior,1,0,0
1137,21,F,13,3,8.0,4.7,5.6,1198,medio,0,0,0
1138,17,F,4,19,9.3,5.9,8.0,3257,superior,1,1,0
1139,20,F,8,17,4.0,7.3,4.2,2978,medio,0,1,0
1140,22,M,10,5,3.4,6.4,4.5,1654,superior,0,0,0
1141,19,M,2,2,3.1,6.2,5.8,2995,superior,1,1,0
1142,20,F,13,22,4.0,5.5,9.3,1180,superior,1,0,0
1143,21,M,8,12,7.6,7.1,8.6,3980,medio,0,0,0
1144,22,F,13,15,8.1,7.4,4.1,1351,medio,0,1,0
1145,17,F,10,4,8.5,7.6,7.0,3992,superior,0,1,1
1146,17,M,14,3,4.7,3.5,5.6,1094,medio,1,0,0
1147,21,M,5,20,5.1,7.4,7.9,1943,superior,1,1,0
1148,21,M,3,7,6.4,9.7,8.3,1255,medio,0,0,0
1149,19,F,6,18,3.4,6.8,9.2,2353,superior,0,1,0
1150,17,M,7,13,7.3,8.0,6.9,968,superior,0,0,0
1151,22,F,5,6,9.9,6.9,10.0,1509,fundamental,1,1,1
1152,20,M,4,13,5.5,9.0,9.9,2746,medio,0,0,0
1153,22,M,5,5,8.3,9.5,9.3,2819,medio,1,0,1
1154,18,F,4,11,6.5,4.3,7.4,2884,fundamental,1,1,0
1155,18,F,7,15,3.9,6.1,6.4,2521,superior,0,0,0
1156,21,F,0,16,7.1,5.7,6.2,2084,superior,1,0,0
1157,19,F,10,12,5.1,5.8,4.1,3078,fundamental,1,0,0
1158,18,F,6,22,3.2,3.9,5.5,1053,fundamental,0,0,0
1159,17,F,14,13,7.4,8.7,8.3,3176,superior,0,0,0
1160,22,F,9,6,9.0,3.3,7.6,2120,medio,0,1,1
1161,22,F,9,13,5.4,6.7,9.5,3827,fundamental,0,0,0
1162,21,M,10,14,5.7,7.6,4.3,2857,fundamental,0,0,0
1163,20,F,1,11,9.2,4.5,4.9,3293,fundamental,0,0,0
1164,21,F,14,16,8.7,9.3,8.7,3769,fundamental,0,1,0
1165,20,M,13,8,8.0,8.9,6.2,3683,fundamental,1,1,1
1166,21,F,8,21,4.7,6.3,4.7,2925,fundamental,0,0,0
1167,21,M,0,14,9.4,5.9,10.0,3040,superior,0,0,0
1168,21,M,10,11,4.1,4.7,8.7,1200,superior,0,1,0
1169,20,F,9,1,7.4,8.1,6.5,2956,fundamental,0,1,1
1170,20,M,5,4,3.2,3.9,8.9,3639,superior,0,0,0
1171,21,F,8,12,7.5,7.8,8.1,2746,medio,0,1,0
1172,18,M,0,19,4.9,8.9,8.7,3110,medio,1,0,0
1173,19,M,3,22,6.1,4.6,8.9,3176,fundamental,0,0,0
1174,19,M,3,7,5.4,9.1,4.5,1162,medio,1,0,0
1175,19,F,14,13,4.2,3.2,7.7,3106,medio,0,1,0
1176,20,F,8,14,7.4,9.4,4.0,2158,superior,1,0,0
1177,20,M,10,10,9.2,3.8,4.3,884,superior,1,0,0
1178,18,M,4,0,9.7,7.5,9.4,2345,superior,1,1,0
1179,19,F,4,20,4.3,4.8,7.2,2624,superior,0,0,0
1180,19,F,5,2,8.0,8.9,8.4,1107,medio,0,0,1
1181,21,M,0,16,7.7,6.6,9.0,1061,fundamental,0,0,0
1182,20,M,0,18,5.4,3.9,9.7,2721,superior,0,1,0
1183,19,F,14,13,3.1,7.0,9.2,3644,medio,0,1,0
1184,22,F,8,21,7.8,5.9,6.9,1430,superior,0,0,0
1185,18,F,2,22,9.6,7.6,6.0,1479,medio,1,1,0
1186,22,F,3,7,7.4,9.2,4.9,1664,superior,1,0,0
1187,22,F,0,12,6.0,5.9,6.4,3171,fundamental,1,0,0
1188,18,M,8,19,6.7,5.0,6.2,3772,superior,0,1,0
1189,22,F,14,2,4.4,3.1,7.4,2525,fundamental,0,1,0
1190,19,M,7,4,8.3,7.0,8.0,2651,superior,1,0,1
1191,20,F,1,8,8.2,5.8,9.9,1526,superior,0,1,0
1192,18,M,7,5,4.0,5.6,8.4,2060,superior,0,1,0
1193,21,F,14,24,9.1,4.3,7.9,3825,medio,0,1,0
1194,22,F,6,21,4.9,6.0,6.0,2448,medio,1,0,0
1195,18,M,10,1,9.9,9.9,4.2,1016,fundamental,1,0,1
1196,17,M,5,12,5.7,5.1,5.7,2069,fundamental,0,1,0
1197,17,F,0,4,4.2,7.2,8.6,1247,medio,1,0,0
1198,20,F,14,24,5.5,8.4,5.2,1118,fundamental,1,0,0
1199,19,F,6,7,6.1,8.2,8.3,3841,fundamental,0,1,1
1200,20,F,9,22,3.5,5.3,7.5,2709,medio,0,0,0
1201,20,F,6,0,7.0,7.3,5.0,2884,medio,1,1,0
1202,20,M,12,19,7.2,9.1,5.6,3578,medio,1,0,0
1203,20,M,13,11,8.2,3.1,7.0,3858,medio,0,0,0
1204,21,F,8,22,3.2,6.1,6.5,1857,superior,0,1,0
1205,21,M,0,10,6.8,4.6,8.7,838,medio,0,0,0
1206,18,M,1,6,3.4,5.7,8.4,2402,fundamental,1,1,0
1207,17,M,10,14,7.9,5.9,7.4,3056,superior,1,0,0
1208,20,F,8,21,3.4,8.2,8.9,1629,superior,0,0,0
1209,18,M,12,23,9.4,3.7,7.4,1655,fundamental,0,0,0
1210,17,F,8,10,7.9,6.6,9.8,3746,superior,0,1,0
1211,22,M,12,21,6.6,6.9,5.3,3448,fundamental,0,0,0
1212,19,F,5,15,6.1,6.5,8.3,3607,superior,1,0,0
1213,21,M,5,2,3.9,8.1,6.2,2658,superior,0,1,0
1214,22,F,3,19,5.0,5.7,5.7,1902,fundamental,0,1,0
1215,17,F,3,13,9.1,9.6,5.1,2300,fundamental,1,0,0
1216,22,M,4,2,9.3,6.4,7.3,3281,fundamental,0,1,0
1217,19,F,2,0,3.0,7.0,5.3,2620,fundamental,1,1,0
1218,17,F,0,20,7.2,8.8,5.2,1641,medio,1,1,0
1219,22,F,14,14,8.0,4.9,9.9,2879,medio,1,1,0
1220,21,F,0,0,7.3,3.5,8.8,3958,fundamental,0,0,0
1221,21,F,11,16,3.6,8.0,8.5,3240,medio,1,1,0
1222,18,F,14,1,4.5,6.4,8.8,2055,fundamental,0,0,1
1223,22,F,12,19,4.8,9.3,9.8,3757,fundamental,1,0,0
1224,20,F,6,5,8.8,9.9,7.4,3039,superior,1,0,1
1225,22,M,0,7,6.2,5.8,5.3,2739,fundamental,1,1,0
1226,17,M,0,15,6.4,5.9,9.2,1069,fundamental,0,1,0
1227,17,F,2,18,9.5,5.9,8.5,3585,fundamental,0,0,0
1228,22,F,9,0,7.5,5.3,6.5,2924,fundamental,1,0,0
1229,19,M,14,2,9.3,8.5,6.8,1534,superior,0,1,1
1230,21,M,3,2,6.2,8.3,6.5,1683,fundamental,1,1,0
1231,17,M,3,4,4.0,6.4,9.6,3131,superior,1,0,0
1232,21,F,1,11,9.5,3.3,6.1,1912,fundamental,1,1,0
1233,17,M,0,11,6.2,5.2,9.8,3391,superior,1,1,0
1234,18,F,2,19,4.3,5.0,9.5,1448,medio,0,0,0
1235,20,F,10,12,5.1,8.7,7.8,1979,superior,1,1,0
1236,17,M,3,19,3.4,3.6,7.5,3097,superior,0,1,0
1237,21,F,2,8,6.3,8.6,6.2,2942,fundamental,1,0,0
1238,18,F,7,6,9.0,7.7,4.1,816,superior,1,1,1
1239,17,F,13,3,9.5,8.1,4.8,916,superior,1,0,1
1240,19,F,9,18,9.5,6.0,8.5,1782,fundamental,1,1,0
1241,20,M,0,21,3.9,7.8,6.8,3180,medio,1,0,0
1242,17,M,13,18,5.7,7.3,4.9,2646,medio,0,1,0
1243,18,F,1,5,3.2,8.4,5.6,2345,medio,0,0,0
1244,19,F,12,12,9.0,6.1,9.7,3951,superior,1,1,0
1245,22,M,6,10,5.5,6.3,6.2,3493,fundamental,0,1,0
1246,18,F,3,12,7.4,7.5,9.4,2963,medio,0,1,0
1247,18,M,7,12,8.0,3.8,5.8,1762,medio,1,0,0
1248,19,F,10,24,6.0,6.1,7.3,2076,medio,1,1,0
1249,18,F,12,21,5.1,9.8,4.1,1646,medio,1,0,0
1250,19,M,2,19,9.7,3.3,7.1,3163,fundamental,1,1,0
1251,17,M,5,14,9.8,5.2,7.8,3657,medio,0,1,0
1252,19,M,8,20,5.0,5.2,5.4,1171,superior,0,1,0
1253,19,M,0,12,6.4,7.4,7.5,3607,superior,0,1,0
1254,20,F,0,21,9.8,3.7,7.9,3724,fundamental,0,1,0
1255,19,M,7,10,3.0,7.4,8.1,3824,medio,1,1,0
1256,19,F,2,18,5.9,3.7,8.7,2406,medio,1,0,0
1257,22,M,4,7,3.7,3.7,5.9,955,superior,1,0,0
1258,17,M,0,19,6.6,8.1,7.4,3461,fundamental,1,1,0
1259,20,F,4,7,3.2,5.3,9.9,3884,superior,0,1,0
1260,22,M,10,9,5.8,9.8,9.4,3355,fundamental,0,1,1
1261,21,M,5,15,4.5,3.3,9.7,1264,fundamental,1,1,0
1262,17,M,7,18,6.7,6.1,6.3,1582,fundamental,0,1,0
1263,17,M,12,22,10.0,3.8,8.7,1603,superior,0,0,0
1264,21,F,13,10,8.6,5.5,7.7,1019,fundamental,1,1,0
1265,19,F,2,12,8.9,10.0,4.5,2862,superior,0,1,0
1266,22,M,2,8,7.4,9.2,8.9,2573,superior,1,0,0
1267,18,M,11,19,3.3,3.3,8.1,916,medio,0,0,0
1268,20,M,10,23,4.4,6.9,5.2,3178,superior,0,0,0
1269,18,F,10,18,9.5,7.5,4.5,2903,superior,1,1,0
1270,21,F,9,15,5.6,4.5,9.0,2174,medio,1,1,0
1271,17,F,8,6,3.7,4.0,4.5,2818,medio,1,1,0
1272,17,F,3,18,7.9,9.3,4.5,1107,medio,0,1,0
1273,20,M,14,11,5.1,9.8,6.6,1021,fundamental,1,1,0
1274,17,M,3,14,4.9,9.9,4.8,1996,fundamental,0,0,0
1275,17,M,11,22,10.0,8.5,9.5,1596,medio,1,1,0
1276,20,F,6,13,9.0,7.6,6.8,2329,fundamental,0,1,0
1277,22,M,1,10,5.9,5.4,7.4,950,medio,1,1,0
1278,22,F,7,9,9.9,4.2,9.6,2520,fundamental,1,0,1
1279,20,F,5,10,7.6,3.6,7.2,2356,superior,0,1,0
1280,21,M,2,5,8.2,7.9,6.1,911,fundamental,0,1,0
1281,17,M,8,1,3.2,8.5,8.8,1482,fundamental,1,1,1
1282,17,M,4,10,3.9,8.8,6.7,1961,superior,0,1,0
1283,21,F,7,18,7.4,9.4,5.9,3179,medio,1,0,0
1284,22,F,6,5,9.3,9.2,8.3,2365,fundamental,0,0,1
1285,19,M,13,13,7.4,10.0,8.8,1692,fundamental,0,0,0
1286,19,M,7,19,3.9,4.7,8.8,2130,superior,1,1,0
1287,19,F,6,5,3.8,8.3,9.9,960,superior,1,0,1
1288,22,M,2,16,8.9,7.1,8.7,2225,superior,0,0,0
1289,22,F,1,9,4.0,4.8,8.6,1077,superior,0,1,0
1290,21,F,6,0,6.6,9.9,9.1,2356,medio,0,1,1
1291,17,M,2,2,3.3,9.3,4.0,3744,fundamental,0,0,0
1292,21,M,2,7,3.6,3.9,6.2,1296,fundamental,1,0,0
1293,21,M,1,7,7.7,3.2,8.4,2195,fundamental,1,0,0
1294,22,M,3,19,7.8,7.8,7.6,2715,fundamental,0,0,0
1295,19,F,7,21,5.4,7.2,5.1,1454,medio,1,1,0
1296,18,F,11,14,4.5,9.6,5.8,3907,fundamental,0,1,0
1297,17,F,0,23,8.7,4.6,6.0,1102,medio,0,0,0
1298,22,M,0,6,4.5,3.6,7.4,1237,medio,0,0,0
1299,19,F,11,10,6.8,4.8,9.0,3573,superior,1,0,0
1300,18,M,13,6,9.8,3.1,9.6,3903,superior,0,1,1
1301,18,M,4,3,4.0,3.3,8.5,985,fundamental,1,1,0
1302,22,M,10,24,9.6,9.4,9.1,2389,medio,1,1,0
1303,20,M,4,11,4.3,5.5,6.8,1472,superior,0,0,0
1304,17,M,10,5,7.0,5.9,6.3,2073,medio,1,1,0
1305,18,M,11,13,5.6,3.1,6.4,1800,superior,0,0,0
1306,22,F,0,11,9.8,4.9,7.7,3126,medio,0,0,0
1307,22,M,5,10,4.9,8.6,4.7,1482,fundamental,1,1,0
1308,19,F,0,18,5.8,7.3,7.5,2518,fundamental,0,0,0
1309,20,F,4,20,9.9,8.3,8.0,3873,medio,1,1,0
1310,17,M,8,4,6.8,6.1,6.6,3858,superior,1,1,0
1311,21,M,11,13,6.5,5.2,9.7,1724,superior,1,0,0
1312,19,M,13,20,4.8,6.4,7.6,3981,fundamental,0,0,0
1313,18,F,4,23,7.9,5.3,5.3,3227,fundamental,1,1,0
1314,18,M,5,15,3.1,8.9,6.9,3682,fundamental,0,1,0
1315,19,F,7,24,3.3,5.1,8.1,1798,superior,0,1,0
1316,22,M,10,12,7.2,7.6,5.9,1084,superior,1,1,0
1317,18,M,0,24,5.4,4.0,4.5,1220,fundamental,1,1,0
1318,20,F,13,21,9.7,7.8,7.5,2960,medio,0,1,0
1319,17,F,1,21,9.3,9.4,9.7,3865,superior,1,1,0
1320,20,M,8,24,8.0,7.3,6.9,3075,fundamental,1,0,0
1321,18,F,2,19,8.7,6.9,9.4,2294,medio,1,1,0
1322,21,F,5,21,7.7,9.7,9.0,1327,superior,0,0,0
1323,17,F,4,3,3.9,7.4,4.9,3343,medio,1,0,0
1324,17,F,10,10,8.4,4.8,8.2,830,medio,0,1,0
1325,19,F,1,16,4.5,5.0,6.6,961,superior,0,1,0
1326,19,M,13,6,5.3,7.9,5.5,2641,fundamental,1,1,0
1327,21,M,14,13,8.7,8.1,8.1,1504,medio,1,1,0
1328,22,F,6,10,6.8,5.1,8.5,1521,fundamental,0,1,0
1329,17,M,3,21,9.0,5.4,5.1,2201,superior,0,0,0
1330,21,M,0,8,4.5,9.9,9.5,1245,medio,1,0,0
1331,19,F,12,22,7.3,3.7,8.5,3591,medio,0,1,0
1332,19,M,3,12,3.6,5.8,9.6,1226,medio,1,1,0
1333,17,F,5,22,7.5,3.4,5.9,3351,medio,0,1,0
1334,20,F,6,17,8.3,8.7,9.6,2350,medio,1,1,0
1335,18,M,14,10,7.1,3.6,6.2,2767,superior,0,0,0
1336,19,F,6,14,4.9,7.7,4.3,1520,medio,1,0,0
1337,22,F,13,24,3.2,3.4,8.6,3531,superior,1,0,0
1338,22,F,6,24,3.8,7.7,8.2,2601,fundamental,0,1,0
1339,19,F,2,21,7.4,8.9,7.6,3429,superior,1,1,0
1340,20,F,5,18,9.5,5.8,6.9,2764,medio,0,1,0
1341,20,M,12,0,4.4,6.7,4.2,1857,fundamental,0,0,0
1342,21,M,7,3,8.1,5.8,7.7,2844,superior,0,0,1
1343,22,F,3,13,9.1,5.1,6.5,1535,superior,0,0,0
1344,21,F,12,13,6.6,8.6,7.4,3538,superior,1,1,0
1345,22,M,7,2,7.7,4.9,6.6,1557,medio,0,0,0
1346,18,F,1,16,8.7,8.1,9.8,2595,medio,0,1,0
1347,18,M,14,2,4.8,4.4,7.6,2443,superior,0,0,0
1348,17,F,9,15,5.1,4.7,8.5,1553,superior,1,1,0
1349,21,F,8,13,3.0,5.4,9.6,823,fundamental,0,1,0
1350,19,F,8,19,9.7,7.1,7.5,2039,medio,1,1,0
1351,21,F,7,12,9.4,6.2,4.1,854,medio,1,1,0
1352,19,F,9,14,8.4,8.2,4.2,3897,fundamental,0,0,0
1353,20,F,13,13,3.6,4.5,8.2,2104,superior,1,0,0
1354,21,F,12,23,6.1,3.1,5.7,3651,superior,0,0,0
1355,20,M,9,24,3.7,8.4,7.5,3174,fundamental,1,1,0
1356,18,M,0,18,3.1,8.8,5.2,1769,superior,1,0,0
1357,18,M,1,5,7.3,3.4,5.6,3033,superior,0,1,0
1358,17,F,5,9,9.7,7.3,7.0,3342,fundamental,1,0,1
1359,21,F,9,14,9.3,5.6,9.9,3883,fundamental,0,0,0
1360,20,F,4,20,7.9,8.6,7.7,1233,fundamental,1,1,0
1361,19,F,11,21,3.7,9.1,9.6,1007,superior,0,1,0
1362,18,F,13,19,4.9,9.0,9.8,932,fundamental,0,1,0
1363,18,F,8,5,5.2,8.4,5.2,2162,superior,0,0,0
1364,19,F,4,22,8.3,4.9,5.9,2019,medio,0,1,0
1365,20,M,1,24,8.6,8.7,8.6,2085,medio,1,0,0
1366,20,F,9,9,5.7,6.7,9.2,2105,fundamental,0,0,1
1367,21,M,3,6,5.9,3.4,7.1,1168,superior,0,0,0
1368,21,M,8,21,3.3,6.2,10.0,3974,superior,0,1,0
1369,22,F,0,16,5.0,9.6,4.1,2006,superior,0,0,0
1370,22,F,10,17,6.2,9.2,5.8,3270,fundamental,1,1,0
1371,17,M,0,16,3.8,3.7,7.7,3880,superior,0,1,0
1372,18,M,11,8,6.2,8.2,6.8,3091,superior,1,0,1
1373,21,F,6,9,9.0,8.6,4.7,1581,superior,0,0,1
1374,20,F,10,9,7.1,4.9,6.2,3471,medio,0,0,0
1375,19,M,2,24,3.6,6.3,4.2,1366,superior,0,0,0
1376,20,F,9,6,4.3,8.0,7.9,1326,medio,0,1,1
1377,18,F,1,15,6.3,6.1,9.4,836,superior,0,1,0
1378,22,F,8,17,5.5,3.8,9.3,977,superior,0,1,0
1379,20,M,2,5,5.5,7.9,8.2,1438,superior,1,1,0
1380,17,M,1,19,6.7,9.4,6.8,3699,medio,1,1,0
1381,18,M,11,0,7.1,7.6,7.1,871,superior,0,1,1
1382,22,F,7,0,8.6,8.4,4.8,3199,fundamental,0,1,1
1383,19,F,9,11,5.4,5.5,6.0,3470,superior,0,1,0
1384,22,M,5,20,8.6,4.3,5.1,1972,medio,1,1,0
1385,17,M,5,1,5.4,7.5,8.9,2520,medio,0,0,1
1386,18,M,9,3,3.4,5.3,9.5,904,fundamental,1,0,0
1387,19,F,10,16,6.9,9.0,7.2,2482,fundamental,1,1,0
1388,17,M,6,3,7.1,3.9,8.4,1020,fundamental,1,1,0
1389,22,M,6,10,9.5,6.0,4.7,2649,medio,1,0,0
1390,17,F,10,21,8.1,5.8,7.7,1662,superior,1,0,0
1391,18,F,12,3,9.4,9.6,8.2,3365,superior,0,0,1
1392,21,F,14,0,9.4,4.1,6.7,1098,fundamental,1,1,1
1393,17,M,5,6,7.2,3.1,5.5,3708,fundamental,1,0,0
1394,17,F,3,17,6.7,4.7,9.3,841,superior,0,0,0
1395,22,F,10,8,6.9,8.7,8.5,1570,fundamental,0,0,1
1396,22,M,8,2,9.8,4.5,9.4,3744,superior,1,0,1
1397,19,F,5,7,8.4,4.7,8.9,3339,superior,0,0,1
1398,22,M,3,23,3.7,3.9,9.9,2262,superior,0,1,0
1399,20,M,11,18,8.4,8.0,5.2,3918,superior,0,0,0
1400,18,F,2,3,4.2,3.5,4.5,2932,medio,1,1,0
1401,18,F,3,17,6.1,5.3,6.0,2509,superior,1,0,0
1402,21,F,2,19,4.5,5.0,4.8,3929,fundamental,0,0,0
1403,21,F,14,10,7.8,6.9,7.1,1790,fundamental,0,0,0
1404,18,F,1,13,9.1,8.1,7.8,1510,fundamental,1,0,0
1405,21,F,13,24,5.0,6.7,7.5,1008,fundamental,1,0,0
1406,19,M,4,17,3.6,9.5,5.6,2071,medio,0,1,0
1407,22,M,1,15,5.1,9.7,9.5,2034,superior,1,1,0
1408,18,F,5,2,7.7,5.5,4.1,838,superior,1,1,0
1409,21,M,2,14,5.3,8.4,6.1,2075,fundamental,0,1,0
1410,18,F,5,3,4.9,8.2,8.3,3773,fundamental,0,1,1
1411,20,M,14,4,4.3,9.3,8.6,2626,fundamental,1,1,1
1412,17,M,10,16,6.5,6.1,6.5,1561,superior,1,1,0
1413,22,M,9,6,4.9,6.7,4.1,2236,medio,1,0,0
1414,18,F,8,15,8.1,5.9,7.7,3793,medio,0,1,0
1415,17,M,0,13,3.5,9.0,4.4,2269,medio,0,0,0
1416,21,F,5,15,7.6,4.6,4.6,2899,medio,0,0,0
1417,17,M,8,6,4.7,4.7,7.9,1173,fundamental,0,1,0
1418,22,M,10,8,6.4,5.6,5.9,1730,superior,1,0,0
1419,18,M,3,3,5.0,4.6,6.1,955,fundamental,0,0,0
1420,20,M,10,21,8.1,6.9,6.9,2365,medio,0,1,0
1421,21,M,11,10,9.6,3.9,9.9,1913,fundamental,1,0,0
1422,18,F,1,1,9.4,5.2,9.8,3526,medio,0,1,0
1423,22,F,12,11,7.1,9.4,6.5,3198,superior,1,0,0
1424,21,M,3,11,6.2,5.9,5.6,2916,medio,0,1,0
1425,19,M,0,3,8.7,8.2,5.8,2065,fundamental,1,0,0
1426,17,M,2,17,7.8,3.8,5.6,3923,superior,1,1,0
1427,22,M,9,20,4.3,4.7,7.2,1453,medio,1,0,0
1428,19,F,8,6,8.7,8.7,7.6,862,medio,0,1,1
1429,18,M,9,0,6.0,8.3,6.9,1308,superior,1,0,1
1430,20,F,4,22,4.3,5.7,6.4,3139,fundamental,0,0,0
1431,21,M,14,12,5.0,9.7,5.3,3962,superior,0,1,0
1432,17,F,10,5,4.9,9.4,6.9,2487,fundamental,0,0,1
1433,21,M,5,5,6.6,9.7,6.0,2247,medio,0,1,1
1434,18,M,2,11,4.6,6.0,7.2,2492,medio,0,0,0
1435,21,F,4,7,3.9,4.4,8.1,3668,superior,0,0,0
1436,17,M,10,23,3.9,7.4,7.8,2188,medio,1,1,0
1437,18,M,7,21,7.1,7.8,6.8,2997,superior,1,0,0
1438,21,M,5,18,8.1,3.9,7.3,2094,medio,0,1,0
1439,20,F,3,4,5.3,8.5,5.7,3728,medio,0,0,0
1440,22,M,1,17,3.2,3.1,4.1,2404,fundamental,0,0,0
1441,18,M,13,4,3.9,6.4,7.8,1939,superior,0,0,0
1442,22,F,8,24,9.4,5.3,5.5,1503,superior,0,0,0
1443,18,F,12,9,6.5,8.2,8.0,1315,medio,1,1,1
1444,20,F,11,0,6.2,5.2,8.5,2737,fundamental,1,1,1
1445,22,M,0,9,3.3,8.8,9.5,2633,fundamental,0,0,0
1446,19,M,0,4,8.1,7.2,9.7,2064,superior,0,0,0
1447,17,M,12,11,6.7,8.6,4.1,829,superior,1,1,0
1448,19,F,3,21,4.4,9.9,9.9,1125,medio,0,0,0
1449,21,M,6,6,3.8,7.8,8.1,3796,superior,0,1,1
1450,20,M,0,8,5.7,9.9,7.9,815,medio,0,0,0
1451,19,F,8,21,8.9,3.2,4.1,910,fundamental,1,0,0
1452,18,F,3,20,9.1,5.4,9.2,3719,superior,1,1,0
1453,21,F,2,11,7.2,3.8,4.9,3560,fundamental,0,0,0
1454,21,F,0,22,8.1,4.8,9.0,906,fundamental,1,1,0
1455,19,F,9,0,3.8,8.9,4.1,3226,medio,1,1,0
1456,19,M,3,10,7.1,3.2,7.9,3009,fundamental,0,1,0
1457,20,F,8,20,7.7,6.6,6.6,1082,medio,1,1,0
1458,17,M,12,14,4.4,7.0,5.2,1068,medio,1,1,0
1459,19,M,13,1,9.2,6.9,4.6,3331,fundamental,1,1,1
1460,19,F,9,19,4.4,6.3,6.6,3514,fundamental,1,0,0
1461,22,F,5,6,5.2,8.5,4.7,3944,medio,1,1,0
1462,18,F,5,20,7.3,3.9,6.9,2020,medio,1,1,0
1463,22,M,0,11,7.5,5.2,7.8,2066,fundamental,0,0,0
1464,22,F,9,21,7.9,7.3,9.0,1397,medio,0,1,0
1465,21,F,1,17,3.8,7.8,8.1,1598,medio,0,0,0
1466,17,F,10,2,8.9,5.8,4.4,2082,superior,1,1,0
1467,18,F,5,6,6.7,9.1,5.8,3645,superior,0,1,1
1468,20,F,1,10,6.3,5.9,5.7,1972,superior,1,1,0
1469,20,M,2,17,9.9,5.8,9.5,2690,superior,1,0,0
1470,19,M,3,11,8.2,3.3,9.2,3237,superior,0,0,0
1471,19,M,10,5,3.8,6.9,6.2,2811,medio,1,1,0
1472,20,F,4,4,8.3,8.0,4.4,3263,medio,0,1,0
1473,19,F,14,0,3.7,3.8,9.4,1225,superior,1,0,0
1474,17,F,8,11,3.2,5.1,9.3,3844,fundamental,0,0,0
1475,22,M,11,10,5.8,8.5,9.1,2525,superior,0,0,0
1476,19,F,14,3,10.0,5.6,9.1,3714,fundamental,0,1,1
1477,21,F,14,17,4.2,4.7,6.9,2933,medio,0,0,0
1478,19,F,3,3,7.7,7.7,5.1,2039,fundamental,1,0,0
1479,18,M,12,16,4.2,4.4,6.9,3270,medio,0,0,0
1480,17,F,10,1,8.1,9.3,7.0,917,fundamental,1,0,1
1481,18,M,8,23,6.5,3.7,6.9,3806,medio,0,0,0
1482,18,F,10,21,7.8,7.9,7.2,3729,medio,0,0,0
1483,21,M,9,1,4.4,6.5,5.5,3839,superior,0,0,0
1484,17,M,2,11,8.2,9.1,6.2,3262,medio,1,1,0
1485,17,M,7,5,10.0,3.9,6.6,1398,superior,0,0,1
1486,17,F,11,9,7.7,7.7,4.8,2887,superior,0,1,1
1487,17,F,0,24,6.5,7.0,6.7,1984,superior,1,1,0
1488,17,M,10,22,9.5,6.4,8.9,3550,fundamental,0,0,0
1489,21,M,8,24,3.1,6.4,9.0,3384,fundamental,1,1,0
1490,19,F,8,20,8.1,8.1,6.5,3267,medio,0,1,0
1491,18,F,9,22,9.2,9.6,7.1,1463,superior,0,0,0
1492,17,M,1,15,3.4,3.6,4.2,2942,superior,0,1,0
1493,19,F,3,13,6.2,3.1,8.0,2381,medio,1,0,0
1494,19,F,12,6,4.4,8.6,6.4,3820,superior,0,0,0
1495,18,F,7,18,7.0,3.8,6.7,1449,medio,0,0,0
1496,21,F,6,22,7.5,9.9,9.2,2289,superior,0,0,0
1497,20,M,0,16,5.1,7.3,6.8,1087,fundamental,1,0,0
1498,20,F,4,8,6.2,7.6,4.1,2499,medio,1,0,0
1499,19,F,6,12,5.0,4.4,5.4,1211,medio,1,0,0
1500,22,M,14,21,5.6,4.7,6.9,3247,fundamental,1,1,0
1501,22,M,3,4,4.1,7.6,6.5,3375,medio,1,0,0
1502,18,F,14,22,9.2,9.4,9.2,1841,fundamental,1,1,0
1503,20,F,14,4,3.1,9.9,7.3,935,superior,0,0,1
1504,19,F,0,9,9.2,4.4,8.1,2825,fundamental,0,0,0
1505,21,F,8,20,7.0,3.9,6.8,1558,fundamental,0,0,0
1506,20,M,13,9,5.3,3.4,6.6,2071,medio,0,1,0
1507,19,M,4,6,8.1,9.1,6.7,3690,superior,0,1,0
1508,19,M,10,14,6.6,5.1,6.5,3557,fundamental,1,1,0
1509,17,F,1,6,6.5,3.0,7.2,1824,superior,1,1,0
1510,21,F,7,14,3.8,4.6,5.5,1180,fundamental,1,1,0
1511,17,F,10,2,5.7,5.4,9.3,3356,medio,0,1,1
1512,18,F,12,18,4.7,9.9,6.0,2328,fundamental,1,0,0
1513,17,M,1,9,3.1,6.7,4.9,1605,fundamental,0,0,0
1514,17,M,2,14,5.5,4.4,4.6,1275,superior,1,1,0
1515,20,F,13,2,3.6,5.3,4.1,1753,fundamental,0,1,0
1516,22,M,9,5,4.8,5.3,6.5,1648,medio,1,1,0
1517,19,F,0,11,3.6,3.1,5.1,1696,medio,0,1,0
1518,21,F,10,14,3.7,3.9,4.1,831,fundamental,1,1,0
1519,17,M,1,5,4.4,7.9,7.1,2727,fundamental,0,0,0
1520,21,F,13,12,10.0,3.8,8.1,2965,superior,1,0,0
1521,22,F,6,18,3.0,4.6,4.5,990,superior,0,0,0
1522,22,M,9,2,7.5,5.5,6.8,2570,medio,0,0,1
1523,17,F,1,7,4.0,8.3,8.5,2573,superior,0,0,0
1524,18,F,5,7,9.4,7.1,9.9,2921,fundamental,0,0,1
1525,17,M,14,22,3.7,7.8,8.0,1422,medio,1,0,0
1526,20,F,2,19,9.7,7.0,5.5,1926,superior,1,0,0
1527,19,M,3,14,7.3,7.8,8.3,3718,medio,1,1,0
1528,18,F,10,3,3.0,3.0,7.6,1385,fundamental,0,1,0
1529,17,M,14,18,9.3,9.5,5.3,3267,superior,1,0,0
1530,21,M,12,20,6.7,3.8,9.1,1272,fundamental,0,0,0
1531,18,M,7,2,4.8,5.8,6.6,2587,fundamental,1,0,0
1532,18,F,13,12,8.4,8.4,9.8,913,medio,0,1,0
1533,17,M,2,7,9.5,6.0,8.3,2202,medio,1,1,0
1534,18,M,9,22,6.4,9.6,7.9,2136,medio,0,0,0
1535,21,M,5,15,5.2,6.3,8.4,3177,superior,0,1,0
1536,22,M,0,12,8.5,9.1,6.9,1138,superior,1,0,0
1537,18,M,6,2,7.8,8.7,7.0,3085,medio,1,0,1
1538,22,F,7,15,9.2,9.9,9.1,1996,superior,1,0,0
1539,21,F,10,8,7.8,9.5,8.1,878,superior,0,0,1
1540,17,F,13,13,4.7,9.3,9.4,1263,medio,0,0,0
1541,19,F,7,12,9.5,8.1,9.3,2721,fundamental,0,1,0
1542,18,F,2,20,3.7,5.6,9.9,3452,superior,1,0,0
1543,19,F,13,24,4.9,3.7,8.2,2787,superior,0,0,0
1544,21,F,9,6,6.6,7.8,7.0,1361,fundamental,1,0,1
1545,18,M,0,14,7.0,9.9,5.0,1084,fundamental,0,0,0
1546,22,F,8,6,3.1,8.1,8.2,1022,fundamental,1,1,0
1547,20,M,12,5,8.5,9.5,5.7,3440,medio,0,0,1
1548,19,M,5,1,5.5,8.6,5.7,2089,fundamental,0,0,1
1549,18,F,10,8,5.8,4.1,5.4,2490,medio,1,1,0
1550,19,M,8,21,8.7,4.7,9.3,3220,fundamental,0,0,0
1551,18,M,6,23,5.7,5.4,9.2,2056,fundamental,0,0,0
1552,17,M,0,16,3.3,4.2,7.8,3758,medio,1,0,0
1553,22,M,11,4,4.2,7.1,6.8,1627,medio,0,0,0
1554,19,F,11,11,9.7,9.8,8.0,3083,fundamental,1,1,0
1555,20,F,0,0,3.5,8.3,7.6,3518,fundamental,1,0,0
1556,20,F,5,9,5.5,6.0,6.5,1627,fundamental,0,0,0
1557,21,F,4,10,6.5,3.0,6.3,3610,superior,0,1,0
1558,18,F,8,15,6.5,5.2,6.3,2760,fundamental,0,0,0
1559,19,F,1,13,3.0,6.7,7.5,2765,medio,1,0,0
1560,21,F,7,7,6.5,5.3,7.9,3227,superior,0,1,1
1561,19,F,10,23,5.7,3.8,6.7,3641,medio,1,0,0
1562,18,F,4,16,9.8,6.1,9.8,1413,superior,0,1,0
1563,20,F,1,24,4.1,4.8,4.5,1362,superior,0,0,0
1564,17,M,12,17,5.5,9.4,6.1,3267,medio,1,1,0
1565,20,F,9,11,5.9,3.7,6.5,2899,superior,0,0,0
1566,21,M,10,24,5.7,3.3,4.1,2544,medio,0,0,0
1567,22,M,10,16,7.7,3.0,6.2,3666,fundamental,0,1,0
1568,17,M,11,13,4.5,5.3,5.6,2605,superior,0,0,0
1569,21,M,5,15,4.5,7.6,7.0,2768,medio,0,1,0
1570,18,F,9,13,8.1,8.1,6.0,3052,superior,1,1,0
1571,17,M,7,8,6.5,6.2,8.4,3848,medio,0,1,1
1572,21,F,3,3,5.9,7.8,7.1,1530,fundamental,1,1,0
1573,18,F,1,24,4.2,5.5,4.8,1056,fundamental,0,0,0
1574,20,M,11,22,4.3,7.7,8.5,984,superior,0,1,0
1575,22,F,10,10,3.1,3.3,4.6,2992,superior,1,0,0
1576,18,M,4,5,3.6,5.7,9.0,2831,medio,0,0,0
1577,19,M,14,14,6.9,8.5,9.6,2513,medio,0,1,0
1578,18,F,11,4,9.2,8.6,5.9,3885,superior,1,1,1
1579,18,F,1,10,5.0,8.0,9.6,1045,medio,1,0,0
1580,22,M,1,24,5.3,4.4,8.8,3034,medio,0,1,0
1581,19,F,14,17,3.8,4.7,9.5,1665,medio,1,0,0
1582,21,F,5,12,5.7,10.0,8.0,2887,superior,1,1,0
1583,21,F,10,10,3.3,3.7,5.4,1400,fundamental,1,0,0
1584,18,M,9,13,9.4,4.3,9.4,1761,fundamental,1,0,0
1585,19,M,8,17,7.7,3.9,5.1,2241,medio,0,1,0
1586,19,F,12,24,9.9,5.3,5.3,3833,superior,0,0,0
1587,22,F,3,18,9.2,4.5,5.6,2856,medio,1,0,0
1588,20,F,5,23,6.3,6.5,5.8,3197,fundamental,0,1,0
1589,21,F,6,14,6.6,6.3,7.1,2931,medio,1,1,0
1590,22,F,12,8,4.3,9.3,8.3,1332,fundamental,0,1,1
1591,17,M,10,7,6.2,3.2,9.6,1788,superior,0,1,0
1592,21,F,5,19,9.3,5.2,4.5,2842,medio,1,1,0
1593,22,M,7,0,3.4,7.2,9.7,1157,superior,1,0,1
1594,21,F,3,3,9.0,7.2,9.5,1177,medio,0,0,0
1595,20,M,11,13,5.4,6.4,4.3,3019,medio,0,1,0
1596,17,F,14,24,9.3,8.7,6.2,1848,medio,0,0,0
1597,20,M,0,1,9.6,3.4,8.9,1192,medio,1,0,0
1598,17,F,6,15,7.7,8.7,7.7,1926,medio,0,0,0
1599,18,M,2,2,7.7,6.5,8.7,1501,superior,1,0,0
1600,22,M,13,7,6.2,3.9,8.3,2233,superior,1,0,0
1601,17,M,5,5,8.8,9.2,7.0,3396,fundamental,1,1,1
1602,20,M,1,15,9.7,7.5,4.2,1583,medio,0,1,0
1603,21,M,8,23,8.4,4.1,7.5,2628,fundamental,1,0,0
1604,17,M,0,15,7.4,3.2,4.3,3179,superior,0,0,0
1605,22,F,5,6,7.2,4.0,7.6,3641,fundamental,1,1,0
1606,17,M,5,12,8.9,7.3,8.8,3496,superior,0,1,0
1607,19,F,4,12,6.8,4.3,7.5,1782,medio,0,1,0
1608,21,F,12,4,8.6,4.6,10.0,3900,fundamental,1,1,1
1609,22,F,4,24,6.6,3.2,6.7,3390,fundamental,1,0,0
1610,22,F,0,19,3.4,8.1,8.5,1842,fundamental,0,1,0
1611,18,F,9,21,5.7,8.7,8.0,1971,fundamental,0,1,0
1612,20,M,11,17,6.1,8.6,9.9,3338,medio,1,0,0
1613,18,M,4,14,4.0,3.9,8.3,3130,superior,1,1,0
1614,22,M,1,17,3.7,9.3,5.0,1661,superior,0,1,0
1615,21,F,6,1,6.7,7.7,9.7,2676,medio,0,1,1
1616,17,M,2,9,3.6,9.3,8.0,2635,superior,1,1,0
1617,17,M,12,22,5.1,6.1,4.4,2498,fundamental,0,1,0
1618,21,M,14,12,8.2,6.1,7.9,912,medio,1,0,0
1619,22,M,3,17,9.8,8.5,9.3,2485,superior,1,0,0
1620,17,M,2,14,8.0,3.7,7.5,2422,medio,1,0,0
1621,17,F,2,11,9.9,6.6,6.1,2222,medio,1,0,0
1622,17,M,3,14,7.9,8.9,8.9,1661,superior,0,0,0
1623,20,F,4,12,5.1,8.8,8.7,3457,superior,1,1,0
1624,20,F,0,17,7.7,9.7,7.3,2732,medio,1,1,0
1625,19,F,3,14,7.9,7.9,4.9,1307,medio,0,1,0
1626,18,F,11,24,5.6,4.5,5.5,2467,superior,0,1,0
1627,21,F,11,22,3.1,3.1,8.4,1265,medio,1,1,0
1628,21,M,10,10,7.9,6.4,8.8,3671,superior,1,1,0
1629,21,M,7,18,3.2,6.6,5.7,3456,medio,1,1,0
1630,19,M,9,2,7.4,4.7,6.2,1921,medio,1,1,0
1631,20,F,6,6,4.1,3.9,4.5,1089,medio,1,1,0
1632,22,M,8,20,7.0,7.1,8.3,3715,superior,1,1,0
1633,22,M,4,13,6.5,8.3,4.0,2562,fundamental,0,1,0
1634,19,F,12,13,3.1,10.0,4.3,3629,superior,0,1,0
1635,22,F,14,21,5.5,8.3,4.0,3009,medio,1,1,0
1636,21,F,9,12,7.2,8.6,7.9,3471,fundamental,0,0,0
1637,18,F,3,11,8.9,7.3,6.5,2666,fundamental,0,1,0
1638,17,M,7,23,9.2,9.9,5.8,1516,medio,1,0,0
1639,20,F,8,8,6.4,7.5,9.5,3968,superior,0,1,1
1640,20,F,12,0,8.1,9.0,5.2,2200,fundamental,0,1,1
1641,19,M,6,18,5.2,9.6,6.3,1366,fundamental,1,1,0
1642,20,M,13,10,5.4,9.5,9.6,2273,superior,1,0,0
1643,21,F,6,22,4.4,5.7,6.6,1793,superior,1,0,0
1644,22,M,4,21,6.9,3.6,7.3,1940,fundamental,0,1,0
1645,21,F,3,22,5.2,4.2,4.5,2787,superior,1,1,0
1646,19,F,13,23,3.6,3.4,8.7,3443,fundamental,0,1,0
1647,21,M,9,21,7.8,3.7,6.5,2793,medio,1,1,0
1648,22,M,0,18,8.0,4.3,8.8,2609,superior,1,0,0
1649,18,F,9,17,5.5,5.4,5.5,2004,fundamental,1,0,0
1650,19,F,9,11,3.5,6.8,6.5,1758,superior,1,1,0
1651,18,F,6,22,6.0,8.0,8.7,2516,superior,0,0,0
1652,17,M,0,0,6.1,4.5,9.8,1812,fundamental,0,0,0
1653,18,F,0,18,7.7,7.7,4.4,2618,medio,1,1,0
1654,17,F,4,19,5.2,7.9,8.9,2110,fundamental,0,1,0
1655,17,F,12,16,7.8,6.9,5.8,1274,superior,1,1,0
1656,18,F,8,4,9.1,9.3,7.3,1417,fundamental,1,0,1
1657,19,F,5,2,4.7,3.8,5.7,1440,superior,0,1,0
1658,22,M,2,1,9.9,4.2,7.7,3109,fundamental,0,0,0
1659,21,F,12,2,5.7,6.0,6.1,961,medio,1,1,0
1660,21,F,2,7,4.9,3.9,6.0,2803,medio,1,1,0
1661,22,F,6,15,6.0,7.0,4.2,2782,medio,1,0,0
1662,17,F,5,5,3.7,5.8,4.9,3028,medio,0,0,0
1663,17,M,8,12,3.9,5.0,9.5,1524,fundamental,1,0,0
1664,19,M,5,22,5.9,4.2,10.0,1268,medio,1,0,0
1665,20,M,4,21,8.3,5.3,8.7,2609,fundamental,1,0,0
1666,18,F,9,21,9.3,7.3,5.7,820,superior,1,0,0
1667,17,F,6,15,7.7,7.0,6.4,1059,superior,1,1,0
1668,21,M,0,15,3.7,4.1,8.4,3313,superior,1,0,0
1669,19,M,11,2,7.7,3.9,9.8,1939,medio,0,0,1
1670,18,M,6,12,7.4,3.2,6.7,2236,medio,1,1,0
1671,19,F,2,13,8.6,3.1,9.0,1336,medio,1,0,0
1672,18,F,13,7,8.8,9.2,9.9,1751,superior,0,0,1
1673,18,M,8,11,9.1,3.3,9.2,3613,superior,0,1,0
1674,22,M,14,22,5.9,8.1,5.4,3806,superior,1,1,0
1675,17,M,5,22,7.9,9.1,4.0,2779,superior,0,1,0
1676,19,F,8,21,4.9,3.7,7.0,2640,fundamental,1,0,0
1677,19,F,12,20,10.0,6.1,7.2,2656,fundamental,0,1,0
1678,22,F,14,7,4.2,9.7,5.2,3781,medio,0,0,0
1679,21,M,4,20,3.1,8.8,5.7,1650,medio,1,1,0
1680,21,M,6,24,4.0,6.4,8.6,2771,superior,0,0,0
1681,17,F,12,8,8.4,8.3,6.8,2080,fundamental,1,1,1
1682,17,M,13,0,6.1,8.8,5.9,1991,fundamental,0,1,1
1683,20,F,3,5,6.1,5.4,7.7,1332,medio,1,1,0
1684,22,M,14,22,9.7,9.2,7.9,2862,fundamental,0,0,0
1685,21,M,6,18,9.4,6.3,8.6,2897,medio,1,0,0
1686,18,M,12,22,5.2,6.7,4.9,3846,superior,1,1,0
1687,19,M,0,10,4.5,10.0,8.4,1103,superior,1,1,0
1688,17,F,6,10,8.9,8.9,7.6,1215,medio,1,1,0
1689,19,M,7,22,9.3,5.5,4.3,1104,superior,0,1,0
1690,19,F,4,12,6.8,3.1,8.7,3043,superior,1,0,0
1691,20,F,1,10,7.4,7.4,6.3,1612,fundamental,0,1,0
1692,21,F,4,17,4.8,7.9,6.0,3647,fundamental,0,1,0
1693,17,M,5,22,8.6,7.6,6.7,3235,fundamental,1,0,0
1694,19,F,11,14,7.4,9.8,6.1,3604,fundamental,1,0,0
1695,17,F,1,0,6.5,9.0,6.0,2784,fundamental,0,1,0
1696,18,F,13,20,3.4,6.1,8.8,3302,medio,0,1,0
1697,20,M,5,24,9.4,3.4,4.7,1512,medio,0,0,0
1698,18,M,5,6,7.3,6.3,9.8,3552,fundamental,1,0,1
1699,17,F,0,22,4.3,7.8,7.3,3695,superior,1,1,0
1700,17,M,13,12,7.2,7.3,5.1,2481,superior,0,0,0
1701,21,F,0,11,7.7,6.8,4.8,2133,medio,0,0,0
1702,19,F,13,17,6.7,6.3,7.5,3998,medio,0,1,0
1703,19,M,10,23,8.0,5.1,7.8,974,medio,1,1,0
1704,18,F,9,18,7.1,4.9,4.3,1889,superior,0,0,0
1705,20,M,2,14,9.6,6.5,5.5,2216,medio,0,1,0
1706,22,M,13,7,3.4,4.1,8.8,2787,superior,0,1,0
1707,19,F,9,18,3.7,5.4,4.3,3126,medio,0,1,0
1708,21,M,9,9,4.2,5.3,9.1,1557,superior,1,1,0
1709,18,M,14,6,7.8,7.1,7.9,3210,medio,0,1,1
1710,18,F,11,17,7.5,3.5,6.6,2572,medio,1,0,0
1711,22,F,2,15,9.2,8.8,6.1,970,superior,1,0,0
1712,21,M,3,19,8.1,6.9,4.1,1874,medio,0,1,0
1713,20,M,1,5,6.6,7.7,9.0,2151,fundamental,1,1,0
1714,21,F,8,8,9.9,7.9,4.9,1464,superior,0,1,1
1715,20,M,9,20,4.9,5.0,5.9,1391,medio,0,0,0
1716,21,M,11,12,8.8,6.3,7.4,3778,superior,0,0,0
1717,21,M,10,24,6.0,9.7,5.5,1968,medio,0,0,0
1718,17,M,13,20,7.5,8.4,7.0,3121,fundamental,0,0,0
1719,18,M,6,7,8.1,9.8,8.9,3355,medio,1,1,1
1720,21,M,6,15,7.4,8.2,6.8,3210,medio,1,1,0
1721,22,M,14,12,4.0,4.2,9.7,2148,fundamental,0,0,0
1722,21,F,5,12,6.1,3.5,9.1,1647,superior,1,0,0
1723,19,F,14,16,6.9,7.0,6.0,3502,medio,0,1,0
1724,18,F,2,22,8.9,5.5,6.4,3145,medio,1,1,0
1725,19,F,5,19,6.1,4.9,6.5,1293,fundamental,1,1,0
1726,18,F,14,4,9.4,8.7,7.8,1345,superior,0,1,1
1727,19,M,13,21,6.1,5.6,5.7,3151,superior,1,1,0
1728,21,M,11,20,6.8,5.2,9.8,2290,fundamental,1,0,0
1729,21,M,7,16,8.6,8.9,7.7,1703,fundamental,1,1,0
1730,17,M,7,8,7.1,8.9,6.4,3086,medio,0,0,1
1731,22,F,10,1,9.7,5.5,7.9,3497,fundamental,1,0,1
1732,19,M,12,24,7.6,8.8,6.4,2340,fundamental,1,1,0
1733,20,M,8,17,6.7,9.0,8.9,1683,fundamental,1,0,0
1734,17,F,14,8,3.2,6.0,7.4,3257,superior,1,0,0
1735,19,M,0,5,5.9,3.5,4.3,3573,fundamental,1,1,0
1736,19,M,13,10,5.1,3.0,5.1,3894,medio,1,0,0
1737,17,F,0,24,8.2,6.7,9.2,3165,medio,1,1,0
1738,21,M,2,5,4.5,5.4,7.4,3372,medio,1,1,0
1739,19,M,2,5,4.4,10.0,9.7,1704,fundamental,1,0,0
1740,21,M,9,12,4.3,8.4,4.4,3871,superior,0,1,0
1741,17,M,7,10,3.9,8.3,5.8,1419,fundamental,1,1,0
1742,21,M,14,13,5.2,9.7,5.2,1752,fundamental,1,0,0
1743,18,F,9,1,9.2,9.2,7.3,3979,medio,1,1,1
1744,20,F,0,7,8.4,5.2,6.3,3648,fundamental,1,0,0
1745,19,F,12,2,8.1,4.2,4.9,3763,superior,1,0,0
1746,22,F,1,22,8.6,8.2,7.9,1119,medio,0,1,0
1747,20,F,1,20,4.9,5.6,7.2,1675,superior,0,0,0
1748,21,F,2,2,9.2,6.3,5.6,3176,superior,0,1,0
1749,19,M,12,0,4.0,7.4,6.9,2700,superior,0,0,0
1750,21,F,5,23,5.4,9.4,8.5,1552,fundamental,1,1,0
1751,18,F,0,18,7.1,5.9,5.2,3504,fundamental,1,1,0
1752,17,M,1,17,3.7,8.5,5.8,2179,fundamental,1,0,0
1753,19,M,12,16,8.1,4.9,6.1,1837,fundamental,0,0,0
1754,18,F,14,19,5.7,7.9,8.5,870,medio,0,1,0
1755,18,M,12,23,8.5,3.0,9.1,3674,fundamental,0,1,0
1756,19,F,0,12,6.5,9.1,6.3,3712,medio,0,0,0
1757,21,M,4,2,4.3,3.2,5.8,2635,superior,1,1,0
1758,22,F,12,0,8.1,8.0,9.3,3775,medio,1,1,1
1759,18,M,12,3,4.8,3.3,10.0,2346,fundamental,0,0,0
1760,20,M,6,24,6.4,4.9,8.0,905,medio,1,0,0
1761,18,F,7,12,3.5,6.5,9.9,1569,fundamental,0,1,0
1762,22,F,9,16,7.3,5.9,8.0,2809,fundamental,0,0,0
1763,21,F,0,10,7.7,4.3,8.4,3740,medio,0,0,0
1764,21,F,6,1,5.7,5.3,6.3,3043,medio,0,1,0
1765,20,F,12,24,9.7,8.1,6.6,2992,superior,1,0,0
1766,18,M,4,15,9.1,7.7,4.9,2173,superior,1,0,0
1767,21,F,9,1,8.0,3.5,8.9,3318,superior,0,1,1
1768,22,F,0,18,8.0,8.2,9.6,2509,superior,0,0,0
1769,19,M,2,22,4.8,3.4,7.7,1015,superior,1,1,0
1770,17,M,6,18,7.6,6.8,6.1,1916,medio,1,0,0
1771,17,F,9,24,4.4,4.8,4.9,1059,superior,0,0,0
1772,17,M,0,15,4.0,7.1,5.6,1733,medio,0,1,0
1773,18,M,6,21,10.0,4.8,5.5,1374,superior,0,0,0
1774,20,F,4,18,7.4,9.9,7.7,2364,fundamental,0,0,0
1775,21,M,0,8,6.0,5.2,9.7,2610,superior,0,0,0
1776,19,M,0,0,5.0,4.7,4.3,1084,fundamental,1,0,0
1777,22,F,13,9,7.2,4.9,4.0,3331,medio,1,0,0
1778,19,F,0,18,3.3,9.3,7.6,2754,superior,0,0,0
1779,22,M,10,0,3.7,7.5,5.7,3219,medio,0,1,0
1780,18,M,8,1,3.2,8.1,9.3,869,superior,0,0,1
1781,17,F,10,15,6.5,9.4,6.0,1178,medio,0,0,0
1782,18,M,12,11,7.2,9.4,5.7,2102,superior,1,1,0
1783,20,M,2,7,3.4,8.2,5.6,3149,superior,1,1,0
1784,20,M,14,22,8.0,4.4,4.9,1054,fundamental,0,1,0
1785,22,F,12,17,4.6,8.9,7.5,2507,medio,1,0,0
1786,21,M,4,1,7.8,4.4,5.0,3791,medio,0,1,0
1787,21,M,10,24,9.9,8.2,6.5,1491,medio,0,1,0
1788,22,F,9,12,7.8,7.8,6.8,2087,medio,1,0,0
1789,20,M,11,5,9.2,8.3,4.1,1633,medio,0,1,1
1790,20,M,8,20,9.6,6.7,4.1,3564,fundamental,1,0,0
1791,20,F,5,5,6.4,7.5,7.1,3271,superior,0,0,1
1792,18,F,11,8,7.9,9.7,8.2,3060,fundamental,0,0,1
1793,20,F,8,15,9.0,3.7,9.7,2835,medio,0,0,0
1794,19,F,7,10,5.5,5.2,5.1,2767,medio,0,0,0
1795,17,M,7,6,4.8,7.3,4.6,899,superior,1,1,0
1796,20,M,0,9,9.6,9.7,4.3,2652,fundamental,0,0,0
1797,22,F,12,9,8.1,3.7,6.6,3983,superior,1,1,0
1798,17,F,8,24,4.5,3.2,7.7,3155,superior,1,0,0
1799,18,M,5,19,6.1,3.4,9.0,3525,fundamental,0,1,0
1800,22,F,8,17,8.6,3.4,8.1,3322,superior,1,0,0
1801,17,M,2,23,6.8,9.4,5.3,2371,fundamental,0,0,0
1802,22,F,11,19,7.5,8.0,6.8,911,fundamental,1,0,0
1803,18,M,2,8,8.3,7.7,9.5,3958,medio,1,1,0
1804,19,F,5,14,7.4,6.7,6.0,982,superior,0,1,0
1805,18,F,8,3,6.8,8.5,7.0,3444,medio,0,1,1
1806,18,M,6,7,8.2,4.1,9.8,964,superior,1,0,1
1807,22,F,13,8,8.1,5.7,8.4,3662,superior,0,0,1
1808,21,M,12,12,7.4,6.4,8.5,2937,medio,0,1,0
1809,20,M,2,8,5.5,3.8,5.5,2823,medio,1,0,0
1810,20,M,2,3,5.8,5.9,6.5,1254,medio,1,1,0
1811,19,M,1,16,9.8,5.2,4.5,3085,fundamental,0,0,0
1812,19,M,8,15,3.8,3.2,7.6,2822,superior,1,1,0
1813,20,F,12,14,4.9,4.0,4.6,3381,fundamental,0,1,0
1814,21,F,14,2,6.4,8.3,9.0,1526,superior,0,0,1
1815,20,M,2,24,8.9,3.1,8.9,2905,superior,1,1,0
1816,21,F,10,19,4.1,9.5,7.2,1341,fundamental,0,0,0
1817,19,M,4,4,4.9,3.6,4.8,2737,fundamental,1,0,0
1818,17,F,13,22,3.5,8.6,4.2,1821,superior,0,0,0
1819,22,F,13,4,7.9,9.3,8.8,3465,medio,0,1,1
1820,19,F,8,19,4.7,9.6,7.6,3249,medio,0,1,0
1821,19,F,7,14,5.7,9.1,8.3,3853,medio,1,1,0
1822,18,M,1,17,6.1,5.0,5.8,1641,medio,1,0,0
1823,18,M,2,14,9.2,5.3,7.1,2502,superior,0,0,0
1824,18,F,1,1,5.9,6.0,8.5,2489,medio,1,1,0
1825,22,F,7,12,4.0,4.0,6.8,3686,medio,1,0,0
1826,18,M,5,3,6.7,3.2,7.6,1318,medio,0,0,0
1827,21,F,5,9,9.7,9.1,8.7,996,superior,1,1,1
1828,20,M,11,12,7.3,6.9,5.3,2893,fundamental,1,1,0
1829,17,M,14,9,9.9,7.3,4.4,3377,medio,1,0,1
1830,19,M,8,8,8.9,9.5,7.2,2220,superior,0,0,1
1831,21,F,7,7,3.3,7.7,4.4,2488,superior,0,1,0
1832,17,M,3,2,7.6,7.8,8.6,1799,medio,1,1,0
1833,21,F,14,15,5.0,8.5,8.3,3623,fundamental,0,0,0
1834,21,M,11,13,6.9,3.8,9.3,2921,fundamental,1,0,0
1835,19,F,3,8,5.0,5.5,7.8,2437,fundamental,0,0,0
1836,20,F,8,20,5.4,9.8,4.4,3182,superior,1,1,0
1837,18,F,0,10,9.5,9.5,5.5,2670,medio,0,0,0
1838,22,M,12,2,4.4,9.2,8.8,1432,medio,1,0,1
1839,20,M,1,4,9.1,6.2,5.0,3535,superior,0,0,0
1840,22,F,1,9,3.2,9.0,8.2,1374,medio,1,0,0
1841,19,F,12,12,3.6,3.3,8.7,3143,medio,0,0,0
1842,19,F,12,3,9.0,4.0,6.0,1907,fundamental,0,0,0
1843,19,M,5,23,7.4,5.9,5.9,1838,medio,0,1,0
1844,17,M,14,12,8.2,6.4,7.3,2690,medio,1,1,0
1845,22,M,3,11,4.5,4.8,9.2,1277,superior,1,1,0
1846,20,M,12,4,6.8,5.5,5.3,3480,superior,1,0,0
1847,20,F,10,9,8.2,4.1,9.6,3166,fundamental,0,1,1
1848,21,F,9,23,7.4,6.4,7.6,3326,superior,1,0,0
1849,21,M,12,8,6.3,8.6,10.0,3215,fundamental,0,0,1
1850,21,M,2,19,9.7,7.6,4.5,1166,fundamental,0,0,0
1851,19,F,2,6,7.7,3.8,4.8,2636,medio,0,0,0
1852,20,M,2,1,9.4,6.4,9.0,3225,fundamental,1,0,0
1853,22,M,5,21,8.1,7.9,9.2,2515,medio,0,1,0
1854,19,M,13,23,8.1,6.7,6.7,3310,fundamental,1,1,0
1855,17,M,7,22,3.6,5.7,8.3,2417,superior,1,1,0
1856,21,M,10,6,5.5,7.4,9.2,812,superior,0,0,1
1857,19,M,6,7,9.0,9.8,4.3,1335,superior,1,1,1
1858,19,F,13,6,4.6,3.7,7.4,3117,fundamental,0,0,0
1859,17,M,3,20,3.8,5.7,9.1,3941,fundamental,0,1,0
1860,18,M,10,22,5.3,5.8,6.4,1175,medio,1,1,0
1861,20,F,11,13,4.5,7.0,5.8,3960,medio,0,1,0
1862,22,F,3,18,9.5,4.1,8.8,2524,medio,0,1,0
1863,18,F,10,4,9.1,4.2,6.0,1056,medio,0,1,0
1864,21,M,9,22,6.5,5.0,4.0,3064,fundamental,1,1,0
1865,19,F,14,24,3.4,9.7,9.8,1249,fundamental,1,0,0
1866,17,M,10,17,8.0,8.1,7.6,1693,medio,1,0,0
1867,17,M,10,19,7.4,7.6,8.9,1984,fundamental,0,0,0
1868,20,M,13,11,9.8,8.7,9.0,2879,fundamental,0,0,0
1869,18,F,10,22,6.9,3.9,4.4,2647,fundamental,1,0,0
1870,20,F,1,16,5.4,9.0,5.0,2083,fundamental,1,1,0
1871,19,F,13,12,6.6,7.2,5.9,2108,medio,1,0,0
1872,20,F,0,1,9.9,5.3,5.9,1409,medio,1,0,0
1873,22,F,8,24,7.9,8.7,8.0,1716,fundamental,1,0,0
1874,17,M,11,12,7.7,8.6,7.7,3389,superior,0,0,0
1875,17,M,14,6,4.7,8.9,7.0,2425,medio,1,0,1
1876,21,M,11,9,8.2,3.8,5.3,947,medio,0,0,0
1877,21,M,1,22,8.3,9.8,6.3,1455,superior,0,0,0
1878,19,F,12,5,5.2,9.7,7.3,2914,medio,0,0,1
1879,22,F,7,2,6.4,5.5,6.8,3417,superior,0,0,0
1880,18,M,14,2,5.1,3.5,4.8,2616,superior,1,1,0
1881,20,F,8,17,4.8,4.2,7.9,2102,fundamental,0,0,0
1882,19,F,3,10,3.2,9.9,4.4,3595,medio,1,0,0
1883,21,M,7,21,5.0,6.9,6.3,1242,superior,0,1,0
1884,20,M,8,19,6.9,5.5,8.3,3744,fundamental,1,1,0
1885,21,F,9,4,3.0,5.0,4.1,1198,medio,1,0,0
1886,20,F,9,18,5.0,4.8,7.4,1951,fundamental,0,0,0
1887,18,M,4,21,9.2,7.6,6.0,3329,fundamental,1,0,0
1888,19,M,12,18,7.2,5.9,4.1,3795,superior,0,1,0
1889,20,M,13,14,7.3,9.8,5.1,3033,medio,1,0,0
1890,22,F,6,15,5.8,7.8,9.6,3016,fundamental,0,1,0
1891,17,M,9,23,7.7,8.5,7.1,2507,superior,0,1,0
1892,22,M,3,8,4.3,5.0,10.0,2787,superior,1,1,0
1893,22,F,0,3,8.7,3.6,7.1,2470,fundamental,1,1,0
1894,17,F,2,14,3.8,6.4,7.3,2381,fundamental,0,1,0
1895,22,F,4,24,7.6,5.2,6.4,1306,superior,0,0,0
1896,20,F,2,11,5.4,4.4,5.9,3368,fundamental,1,0,0
1897,20,F,11,22,8.2,9.7,5.5,960,fundamental,0,1,0
1898,20,M,12,2,6.8,6.1,6.1,1139,medio,0,1,0
1899,17,M,10,22,6.2,4.2,6.8,3977,superior,0,1,0
1900,22,F,6,13,4.2,4.4,5.2,2625,fundamental,1,1,0
1901,17,F,11,16,7.5,5.0,5.3,2298,superior,0,0,0
1902,20,F,8,18,9.8,10.0,5.6,2423,medio,0,1,0
1903,22,F,14,5,8.8,4.9,6.7,2286,superior,1,1,1
1904,22,F,11,3,3.4,5.3,7.9,2306,superior,0,0,0
1905,21,M,5,6,5.6,7.6,9.1,3551,superior,0,0,1
1906,21,M,12,18,9.5,5.1,5.7,1976,medio,0,0,0
1907,18,M,9,16,6.5,4.5,5.1,1622,medio,0,0,0
1908,19,M,0,24,7.6,4.1,6.3,1584,superior,1,1,0
1909,21,F,6,15,9.4,5.2,9.4,930,superior,0,1,0
1910,17,M,14,14,9.1,3.7,4.1,2275,medio,0,1,0
1911,21,F,2,21,6.5,3.1,8.1,3363,fundamental,0,1,0
1912,18,F,4,7,6.1,8.6,6.9,2299,medio,0,1,0
1913,22,F,9,18,5.4,4.0,5.0,3383,superior,0,1,0
1914,18,M,3,7,8.0,8.4,5.9,3588,fundamental,1,1,0
1915,22,F,9,17,5.0,8.6,5.3,1580,fundamental,1,1,0
1916,22,M,4,15,4.7,6.8,9.3,2507,fundamental,0,1,0
1917,19,M,4,19,5.5,5.2,6.9,2569,medio,0,0,0
1918,21,F,5,18,4.2,4.0,7.4,2118,medio,1,1,0
1919,17,F,13,9,7.9,8.2,7.6,2738,medio,1,0,1
1920,17,F,9,16,7.3,7.2,7.8,2258,medio,1,0,0
1921,20,M,11,12,6.4,7.6,7.0,3435,superior,0,0,0
1922,22,F,9,12,5.7,3.1,4.1,3573,fundamental,0,0,0
1923,17,M,12,6,9.4,9.5,6.0,3790,superior,0,1,1
1924,19,F,12,9,3.2,3.5,5.1,3844,medio,0,0,0
1925,22,F,10,1,8.4,5.6,8.1,1175,medio,0,0,1
1926,19,M,5,3,9.3,5.8,4.3,3051,superior,0,1,0
1927,17,M,7,24,6.1,3.0,7.4,3836,fundamental,1,0,0
1928,17,M,7,5,6.9,6.5,5.3,1460,fundamental,1,1,0
1929,20,M,10,23,9.6,8.3,9.7,2922,medio,0,1,0
1930,17,M,8,17,4.5,8.8,6.0,2203,medio,0,1,0
1931,22,M,7,22,6.6,9.2,6.0,1540,medio,0,1,0
1932,22,F,12,5,6.3,6.4,9.5,1103,medio,1,0,1
1933,22,F,10,24,4.8,7.4,6.5,1885,fundamental,1,1,0
1934,20,M,1,22,8.7,3.6,9.8,3417,superior,1,0,0
1935,20,F,13,16,9.3,6.4,4.1,1585,fundamental,1,0,0
1936,17,M,13,13,8.5,4.1,5.8,3979,superior,0,1,0
1937,18,F,11,23,4.4,5.6,8.0,2010,medio,1,0,0
1938,18,F,9,10,3.6,5.3,9.3,3834,medio,1,1,0
1939,20,M,11,18,7.2,6.0,5.5,1028,superior,0,0,0
1940,17,M,10,1,3.4,7.0,9.6,3919,medio,0,0,1
1941,18,M,14,2,7.7,9.3,7.6,2654,fundamental,0,0,1
1942,17,F,0,10,6.7,5.8,8.8,1067,medio,1,0,0
1943,17,M,9,5,7.6,9.9,6.4,3574,medio,0,1,1
1944,17,F,1,13,7.1,8.3,5.3,3649,medio,1,1,0
1945,21,M,1,18,6.0,6.6,9.5,1053,medio,1,0,0
1946,22,F,11,15,4.4,7.5,9.6,3804,fundamental,1,0,0
1947,17,F,2,20,5.1,3.7,7.0,1669,superior,1,0,0
1948,21,M,9,21,6.7,8.9,4.0,2934,medio,0,0,0
1949,20,F,6,23,7.6,7.1,4.7,2004,medio,0,1,0
1950,18,F,1,6,8.5,9.9,7.4,1848,fundamental,1,0,0
1951,22,M,13,7,8.4,7.5,4.1,3069,fundamental,0,0,1
1952,18,F,0,18,9.8,8.8,6.4,1789,fundamental,1,0,0
1953,22,M,13,19,5.0,8.6,5.8,1196,medio,1,1,0
1954,18,M,5,15,3.5,5.4,8.3,1737,superior,0,0,0
1955,22,M,8,21,5.4,4.8,4.3,3358,fundamental,0,1,0
1956,18,M,14,6,8.2,6.0,6.9,3408,fundamental,1,1,1
1957,18,F,2,8,6.1,6.3,7.5,3693,fundamental,0,0,0
1958,18,F,5,12,8.7,4.7,7.7,1239,superior,1,0,0
1959,18,F,2,0,6.8,9.3,6.4,2727,medio,0,0,0
1960,20,M,13,7,9.5,6.8,5.8,3158,medio,1,1,1
1961,17,F,12,23,9.6,9.8,8.1,2807,medio,1,1,0
1962,19,F,0,21,3.5,8.7,9.1,834,fundamental,0,0,0
1963,21,M,13,3,6.2,6.9,8.2,3064,medio,0,1,1
1964,19,M,12,2,7.3,9.6,9.6,1520,fundamental,1,0,1
1965,19,F,11,2,4.8,6.5,8.3,3863,superior,0,0,1
1966,22,M,4,21,5.8,9.2,8.6,1318,superior,0,0,0
1967,17,M,9,12,7.7,5.5,5.0,1068,medio,1,0,0
1968,22,M,13,7,4.6,5.7,6.5,1437,fundamental,1,0,0
1969,17,M,12,6,7.2,5.9,6.9,3322,fundamental,0,0,1
1970,17,F,10,0,7.9,6.8,5.5,2148,medio,0,1,1
1971,18,M,3,15,3.6,6.9,7.2,2179,superior,1,1,0
1972,20,M,6,5,6.5,6.5,5.7,889,superior,1,1,0
1973,18,M,5,6,4.8,5.1,8.1,1865,superior,1,0,0
1974,20,M,9,11,8.1,9.5,6.8,2188,superior,1,0,0
1975,22,M,6,22,4.3,7.1,6.8,2494,superior,1,0,0
1976,20,M,4,8,9.2,5.9,9.9,2189,medio,1,1,0
1977,22,M,14,10,6.0,7.6,6.4,3829,medio,1,0,0
1978,19,M,14,9,4.4,8.4,6.2,3135,medio,1,1,0
1979,19,F,3,20,6.1,9.7,5.9,1280,superior,0,0,0
1980,20,M,6,0,5.9,6.5,9.4,3484,superior,0,1,1
1981,20,F,6,17,6.0,3.8,7.0,1300,medio,0,0,0
1982,22,M,5,3,7.1,6.1,7.6,2461,medio,1,0,1
1983,18,M,7,4,6.6,6.4,5.1,2899,superior,0,1,0
1984,22,M,3,8,4.0,9.3,7.2,902,fundamental,1,1,0
1985,18,M,9,16,3.5,5.8,5.6,2247,medio,0,1,0
1986,19,F,4,2,8.1,9.7,8.4,3546,superior,1,0,0
1987,17,M,3,15,6.9,6.4,9.0,3885,superior,1,1,0
1988,20,M,11,4,5.5,9.8,8.3,2763,medio,0,1,1
1989,18,F,0,15,8.7,3.1,8.4,2439,fundamental,1,0,0
1990,22,F,11,2,5.7,9.3,7.1,3317,superior,0,0,1
1991,19,M,7,19,8.6,9.5,8.3,2127,medio,0,1,0
1992,18,F,0,14,5.1,9.7,6.5,3274,superior,0,0,0
1993,22,F,4,2,3.5,3.1,7.9,2479,superior,0,1,0
1994,20,F,14,19,9.5,4.2,5.6,2957,superior,0,1,0
1995,20,M,5,13,5.8,7.6,4.4,2388,superior,0,1,0
1996,21,M,5,15,8.5,3.2,6.5,3362,fundamental,0,0,0
1997,17,M,12,16,5.0,3.4,6.8,867,medio,0,1,0
1998,21,F,4,23,7.5,4.5,5.5,3236,medio,0,1,0
1999,19,M,2,19,9.1,6.6,8.4,2473,medio,1,0,0
2000,18,F,14,22,3.3,6.8,4.4,1107,medio,1,1,0
